t_start_s,zm1_order0_dBFS,zm1_order1_dBFS,zm1_order2_dBFS,zm1_order3_dBFS,spcmic_order0_dBFS,spcmic_order1_dBFS,spcmic_order2_dBFS,spcmic_order3_dBFS,diff_order0_dB,diff_order1_dB,diff_order2_dB,diff_order3_dB
0.0,-63.673,-78.808,-87.491,-89.056,-62.837,-65.986,-70.443,-71.310,-0.836,-12.822,-17.048,-17.746
1.0,-64.256,-79.159,-87.597,-89.095,-70.872,-68.457,-76.526,-79.252,6.616,-10.702,-11.070,-9.843
2.0,-64.351,-79.073,-87.341,-89.101,-71.412,-69.033,-75.660,-79.845,7.060,-10.040,-11.681,-9.256
3.0,-56.065,-67.744,-85.517,-88.717,-66.977,-67.765,-73.504,-75.443,10.912,0.021,-12.013,-13.274
4.0,-38.618,-46.995,-66.546,-75.200,-63.313,-65.613,-70.211,-71.767,24.695,18.619,3.665,-3.433
5.0,-37.352,-44.745,-64.275,-77.257,-69.884,-62.634,-76.745,-78.199,32.532,17.889,12.470,0.942
6.0,-32.507,-42.481,-59.248,-71.871,-69.986,-61.607,-76.841,-78.290,37.478,19.126,17.593,6.418
7.0,-26.822,-36.924,-54.344,-65.482,-70.054,-62.960,-76.925,-78.362,43.232,26.037,22.581,12.880
8.0,-30.895,-39.433,-57.478,-66.769,-71.133,-66.076,-77.995,-79.432,40.238,26.643,20.517,12.663
9.0,-31.580,-41.682,-57.513,-65.729,-70.922,-68.009,-77.775,-79.158,39.342,26.327,20.262,13.428
10.0,-33.225,-43.537,-58.538,-69.512,-71.684,-68.993,-78.498,-79.864,38.459,25.455,19.960,10.352
11.0,-31.960,-42.083,-60.785,-72.959,-55.502,-59.592,-62.480,-63.969,23.542,17.509,1.695,-8.990
12.0,-32.176,-41.054,-59.402,-72.674,-40.262,-45.232,-46.743,-48.705,8.086,4.178,-12.659,-23.969
13.0,-33.339,-43.616,-61.815,-75.240,-38.975,-42.632,-45.675,-47.460,5.636,-0.984,-16.140,-27.779
14.0,-32.041,-43.934,-63.346,-77.630,-34.497,-39.617,-41.216,-42.967,2.456,-4.317,-22.130,-34.663
15.0,-28.402,-38.640,-57.491,-67.668,-31.276,-36.807,-37.919,-39.729,2.874,-1.832,-19.571,-27.938
16.0,-30.751,-39.489,-56.002,-63.366,-34.523,-38.651,-41.551,-42.979,3.772,-0.838,-14.451,-20.387
17.0,-27.411,-36.908,-52.033,-60.198,-32.849,-40.681,-40.405,-41.181,5.439,3.773,-11.628,-19.017
18.0,-24.388,-34.214,-51.076,-60.408,-37.035,-44.420,-43.457,-45.432,12.647,10.206,-7.619,-14.976
19.0,-29.224,-38.024,-52.285,-62.060,-35.150,-39.654,-41.513,-43.604,5.926,1.630,-10.772,-18.456
20.0,-29.090,-35.243,-49.404,-57.762,-37.891,-41.081,-44.744,-46.361,8.801,5.838,-4.660,-11.401
21.0,-31.561,-39.832,-56.388,-66.003,-36.806,-42.194,-43.841,-45.248,5.245,2.362,-12.547,-20.756
22.0,-30.042,-37.734,-52.179,-64.273,-34.234,-39.536,-41.038,-42.682,4.192,1.802,-11.142,-21.591
23.0,-30.275,-39.404,-54.849,-67.711,-34.120,-40.203,-41.190,-42.526,3.846,0.799,-13.658,-25.185
24.0,-31.042,-38.852,-56.516,-69.760,-33.741,-38.056,-40.162,-42.202,2.699,-0.796,-16.354,-27.558
25.0,-28.192,-38.444,-53.585,-64.249,-28.800,-35.727,-36.202,-37.139,0.607,-2.717,-17.383,-27.110
26.0,-26.614,-34.152,-48.391,-56.832,-28.322,-33.618,-35.169,-36.786,1.707,-0.534,-13.222,-20.046
27.0,-25.736,-34.250,-47.302,-56.736,-30.677,-35.313,-38.868,-39.044,4.941,1.064,-8.434,-17.692
28.0,-27.643,-33.982,-44.646,-54.574,-31.129,-36.763,-39.070,-39.491,3.486,2.782,-5.576,-15.082
29.0,-26.415,-34.930,-44.869,-54.812,-33.946,-38.379,-39.890,-42.460,7.530,3.449,-4.979,-12.352
30.0,-23.944,-33.431,-48.355,-56.398,-33.589,-37.910,-40.323,-42.022,9.644,4.480,-8.032,-14.376
31.0,-26.459,-35.088,-49.986,-57.927,-33.454,-38.065,-40.624,-41.900,6.995,2.976,-9.362,-16.026
32.0,-29.771,-40.000,-53.772,-64.596,-33.889,-38.278,-41.227,-42.334,4.118,-1.722,-12.545,-22.262
33.0,-30.659,-39.328,-53.914,-65.949,-31.837,-36.257,-39.361,-40.236,1.178,-3.071,-14.554,-25.712
34.0,-35.196,-42.294,-56.913,-69.628,-28.931,-32.661,-35.641,-37.387,-6.265,-9.633,-21.271,-32.240
35.0,-35.052,-42.642,-61.450,-73.510,-29.138,-33.335,-35.431,-37.636,-5.914,-9.307,-26.018,-35.874
36.0,-34.638,-42.774,-60.318,-75.149,-27.695,-33.047,-35.187,-36.212,-6.943,-9.727,-25.131,-38.937
37.0,-30.999,-41.249,-58.628,-72.878,-29.067,-33.377,-35.586,-37.560,-1.933,-7.872,-23.043,-35.318
38.0,-33.206,-43.877,-61.812,-76.706,-28.574,-32.312,-35.304,-37.026,-4.632,-11.565,-26.508,-39.681
39.0,-39.544,-49.876,-73.589,-86.379,-31.714,-35.776,-38.685,-40.138,-7.830,-14.100,-34.904,-46.240
40.0,-43.801,-54.345,-75.270,-88.294,-33.300,-38.572,-40.534,-41.698,-10.500,-15.772,-34.735,-46.596
41.0,-47.085,-58.534,-80.243,-88.603,-33.598,-37.836,-40.185,-42.150,-13.487,-20.698,-40.058,-46.452
42.0,-63.054,-76.137,-87.397,-89.182,-36.970,-41.113,-43.852,-45.431,-26.084,-35.024,-43.545,-43.751
43.0,-34.215,-39.888,-43.012,-51.200,-37.135,-41.546,-45.120,-45.502,2.919,1.658,2.109,-5.699
44.0,-27.224,-35.146,-41.618,-49.352,-37.612,-41.395,-44.894,-46.042,10.388,6.249,3.277,-3.310
45.0,-27.026,-32.220,-37.058,-47.921,-36.342,-40.515,-43.120,-44.821,9.316,8.295,6.062,-3.100
46.0,-36.675,-44.096,-51.316,-59.984,-38.605,-43.076,-45.827,-47.062,1.930,-1.020,-5.489,-12.922
47.0,-46.422,-52.847,-64.980,-76.003,-47.195,-49.999,-54.089,-55.653,0.773,-2.847,-10.891,-20.350
48.0,-38.614,-45.118,-50.664,-62.007,-48.233,-53.709,-54.855,-56.707,9.618,8.591,4.190,-5.300
49.0,-33.017,-41.267,-48.227,-61.492,-53.187,-59.350,-59.846,-61.673,20.171,18.083,11.619,0.182
50.0,-33.940,-42.494,-50.356,-63.235,-71.533,-67.985,-78.356,-79.822,37.592,25.491,27.999,16.587
51.0,-41.305,-49.767,-64.307,-76.892,-31.359,-36.872,-35.736,-40.692,-9.946,-12.895,-28.570,-36.200
52.0,-50.081,-56.919,-74.304,-86.843,-27.754,-31.476,-33.748,-36.258,-22.327,-25.443,-40.556,-50.585
53.0,-41.800,-49.532,-56.522,-74.416,-29.483,-32.295,-35.673,-38.143,-12.317,-17.236,-20.849,-36.273
54.0,-31.639,-37.384,-46.115,-60.333,-39.382,-43.774,-46.892,-47.819,7.744,6.390,0.777,-12.514
55.0,-26.443,-34.902,-47.585,-57.965,-51.374,-55.516,-58.978,-59.777,24.931,20.614,11.393,1.812
56.0,-19.714,-27.857,-41.862,-49.994,-37.696,-43.538,-44.243,-46.428,17.982,15.682,2.381,-3.566
57.0,-18.772,-26.852,-40.872,-48.582,-35.442,-39.257,-41.826,-44.143,16.670,12.405,0.955,-4.438
58.0,-21.581,-30.835,-41.972,-49.977,-37.913,-41.538,-43.209,-46.614,16.332,10.703,1.237,-3.362
59.0,-22.155,-28.721,-42.538,-50.656,-45.319,-49.410,-51.968,-53.778,23.164,20.689,9.431,3.122
60.0,-27.920,-36.499,-51.020,-60.606,-56.900,-59.422,-63.564,-65.348,28.980,22.923,12.544,4.742
61.0,-21.516,-32.114,-46.222,-52.858,-35.931,-43.105,-45.751,-44.230,14.415,10.990,-0.471,-8.627
62.0,-21.018,-29.874,-42.351,-49.474,-31.533,-36.550,-40.002,-39.952,10.515,6.676,-2.349,-9.522
63.0,-29.655,-35.798,-51.195,-57.437,-27.712,-32.185,-33.783,-36.229,-1.944,-3.612,-17.412,-21.208
64.0,-25.122,-35.296,-48.780,-58.629,-21.035,-26.219,-28.421,-29.428,-4.087,-9.077,-20.359,-29.201
65.0,-27.376,-35.133,-51.492,-59.395,-22.809,-26.887,-28.630,-31.279,-4.566,-8.247,-22.862,-28.116
66.0,-37.513,-47.587,-64.131,-74.303,-24.673,-29.852,-31.922,-33.091,-12.840,-17.735,-32.209,-41.212
67.0,-20.977,-31.467,-44.608,-51.863,-24.565,-28.824,-33.382,-32.866,3.589,-2.643,-11.225,-18.997
68.0,-25.317,-32.938,-46.604,-53.553,-34.604,-38.192,-42.406,-42.950,9.287,5.254,-4.197,-10.603
69.0,-34.440,-42.522,-58.469,-65.327,-25.392,-29.814,-32.056,-33.865,-9.048,-12.708,-26.413,-31.461
70.0,-31.531,-42.222,-57.590,-71.020,-24.485,-28.791,-30.873,-32.951,-7.046,-13.431,-26.717,-38.070
71.0,-32.725,-41.415,-59.520,-71.811,-35.730,-38.810,-42.457,-44.167,3.006,-2.605,-17.063,-27.643
72.0,-36.279,-47.126,-66.961,-78.871,-28.711,-32.898,-35.851,-37.143,-7.568,-14.228,-31.110,-41.728
73.0,-50.592,-59.204,-76.902,-86.689,-33.090,-36.301,-40.180,-41.576,-17.502,-22.903,-36.722,-45.113
74.0,-64.483,-79.126,-87.625,-89.213,-31.002,-36.335,-37.730,-39.510,-33.481,-42.791,-49.895,-49.703
75.0,-45.395,-56.350,-74.563,-87.285,-25.830,-30.171,-32.405,-34.287,-19.566,-26.178,-42.158,-52.998
76.0,-41.172,-51.614,-74.997,-86.478,-30.580,-33.084,-36.919,-39.036,-10.592,-18.530,-38.078,-47.442
77.0,-37.376,-47.136,-67.597,-83.764,-42.327,-45.995,-49.525,-50.825,4.950,-1.140,-18.072,-32.940
78.0,-31.346,-40.399,-60.448,-71.793,-35.515,-40.230,-42.604,-43.954,4.169,-0.170,-17.844,-27.840
79.0,-27.516,-37.558,-54.550,-63.799,-38.030,-41.174,-45.117,-46.492,10.514,3.616,-9.434,-17.307
80.0,-33.882,-42.369,-63.198,-71.733,-42.240,-47.184,-48.919,-50.768,8.358,4.814,-14.279,-20.965
81.0,-35.868,-44.499,-65.364,-76.064,-59.733,-61.641,-66.942,-68.182,23.865,17.142,1.578,-7.883
82.0,-30.202,-40.734,-59.638,-71.144,-71.847,-69.440,-78.693,-80.123,41.646,28.706,19.055,8.979
83.0,-32.732,-42.588,-62.271,-73.951,-48.513,-54.460,-55.141,-56.982,15.781,11.872,-7.129,-16.969
84.0,-35.121,-43.489,-65.980,-77.467,-43.335,-47.274,-50.271,-51.812,8.215,3.785,-15.709,-25.655
85.0,-32.331,-39.738,-58.541,-66.939,-42.571,-46.180,-49.673,-51.032,10.240,6.443,-8.868,-15.907
86.0,-25.878,-34.229,-50.083,-58.152,-33.197,-38.097,-40.180,-41.586,7.319,3.867,-9.903,-16.566
87.0,-30.266,-38.384,-55.570,-67.185,-31.632,-38.313,-38.677,-40.017,1.365,-0.071,-16.893,-27.168
88.0,-34.550,-43.356,-62.317,-74.287,-38.407,-42.797,-44.933,-46.846,3.857,-0.559,-17.384,-27.441
89.0,-31.404,-39.352,-53.664,-65.394,-38.248,-42.942,-44.917,-46.694,6.844,3.591,-8.747,-18.701
90.0,-32.960,-41.097,-56.423,-69.273,-34.214,-40.163,-41.172,-42.611,1.254,-0.934,-15.251,-26.662
91.0,-42.030,-48.092,-65.996,-79.824,-36.620,-41.931,-43.424,-45.028,-5.410,-6.162,-22.572,-34.796
92.0,-50.529,-57.791,-74.700,-86.637,-41.623,-44.481,-48.219,-50.071,-8.906,-13.310,-26.481,-36.566
93.0,-62.347,-75.888,-86.580,-88.990,-34.738,-37.349,-41.704,-43.135,-27.609,-38.539,-44.875,-45.856
94.0,-57.504,-66.775,-86.022,-88.820,-27.650,-34.676,-35.555,-35.959,-29.854,-32.099,-50.467,-52.862
95.0,-45.175,-50.375,-60.763,-78.021,-34.996,-39.739,-42.377,-43.358,-10.179,-10.636,-18.387,-34.663
96.0,-34.387,-41.253,-56.727,-69.790,-36.955,-41.769,-44.306,-45.336,2.568,0.516,-12.422,-24.454
97.0,-33.209,-39.682,-54.436,-68.339,-32.996,-39.058,-42.096,-41.334,-0.212,-0.624,-12.340,-27.005
98.0,-31.770,-38.582,-50.391,-64.872,-36.133,-40.361,-43.629,-44.598,4.364,1.779,-6.762,-20.274
99.0,-32.754,-41.052,-55.014,-68.756,-45.315,-49.386,-52.345,-53.735,12.560,8.334,-2.669,-15.021
100.0,-33.139,-40.435,-48.459,-61.815,-55.571,-60.577,-63.694,-63.991,22.432,20.142,15.235,2.176
101.0,-34.013,-42.917,-58.336,-71.209,-70.672,-68.495,-77.565,-78.897,36.658,25.578,19.229,7.688
102.0,-35.347,-43.535,-55.339,-71.813,-49.789,-53.252,-56.612,-58.201,14.443,9.717,1.272,-13.612
103.0,-30.675,-40.540,-58.399,-72.733,-41.168,-46.193,-48.978,-49.525,10.493,5.653,-9.421,-23.208
104.0,-31.045,-41.286,-59.824,-72.957,-33.797,-39.104,-42.136,-42.148,2.752,-2.182,-17.688,-30.809
105.0,-34.290,-40.995,-54.305,-68.153,-34.089,-38.688,-41.494,-42.545,-0.201,-2.307,-12.812,-25.608
106.0,-33.388,-39.241,-52.964,-62.447,-32.914,-37.592,-40.944,-41.307,-0.474,-1.648,-12.019,-21.140
107.0,-29.430,-36.509,-47.410,-57.595,-35.304,-40.114,-42.365,-43.695,5.873,3.605,-5.045,-13.900
108.0,-25.792,-33.903,-46.258,-55.640,-36.150,-39.231,-40.921,-44.813,10.359,5.328,-5.338,-10.828
109.0,-27.138,-35.591,-48.020,-57.634,-36.757,-41.646,-43.120,-45.203,9.620,6.056,-4.901,-12.431
110.0,-33.494,-41.142,-47.071,-58.163,-36.774,-42.616,-44.150,-45.236,3.279,1.474,-2.921,-12.926
111.0,-30.462,-38.834,-49.545,-62.065,-34.130,-39.364,-41.100,-42.577,3.667,0.530,-8.445,-19.488
112.0,-30.880,-37.632,-49.573,-62.097,-35.377,-40.425,-41.974,-43.825,4.498,2.793,-7.600,-18.272
113.0,-30.138,-37.374,-51.009,-59.603,-35.552,-40.004,-42.050,-44.017,5.414,2.630,-8.959,-15.586
114.0,-25.394,-35.540,-51.136,-60.000,-33.325,-36.177,-39.859,-41.756,7.931,0.638,-11.277,-18.244
115.0,-23.512,-32.165,-45.059,-55.316,-30.161,-34.525,-35.609,-38.762,6.649,2.360,-9.449,-16.554
116.0,-25.676,-32.718,-44.394,-53.568,-28.787,-33.171,-35.235,-37.237,3.111,0.453,-9.159,-16.331
117.0,-19.650,-28.743,-38.914,-50.144,-31.757,-35.420,-35.754,-40.281,12.107,6.678,-3.160,-9.864
118.0,-21.878,-31.787,-45.016,-52.421,-35.749,-40.020,-40.743,-44.329,13.871,8.233,-4.273,-8.093
119.0,-21.208,-31.419,-45.467,-54.426,-32.314,-37.147,-38.531,-40.839,11.106,5.727,-6.936,-13.586
120.0,-23.126,-32.180,-46.357,-55.937,-33.101,-36.656,-39.711,-41.549,9.975,4.476,-6.645,-14.389
121.0,-25.156,-31.469,-44.300,-54.129,-32.223,-36.527,-38.290,-40.649,7.067,5.058,-6.010,-13.480
122.0,-26.073,-33.729,-48.701,-57.691,-28.504,-33.745,-35.681,-36.961,2.430,0.016,-13.020,-20.731
123.0,-26.377,-33.873,-45.826,-57.125,-27.208,-30.850,-32.318,-35.767,0.831,-3.023,-13.508,-21.358
124.0,-26.140,-33.312,-43.822,-55.945,-27.841,-31.738,-34.493,-36.246,1.702,-1.575,-9.329,-19.699
125.0,-25.357,-34.677,-45.591,-57.709,-23.065,-27.880,-29.683,-31.527,-2.292,-6.798,-15.908,-26.183
126.0,-27.849,-37.452,-48.554,-60.171,-24.852,-30.435,-31.660,-33.344,-2.996,-7.017,-16.894,-26.827
127.0,-31.239,-40.362,-49.756,-61.132,-25.190,-30.568,-32.298,-33.665,-6.049,-9.794,-17.458,-27.467
128.0,-33.306,-42.645,-54.600,-63.629,-27.840,-31.715,-33.756,-36.315,-5.466,-10.930,-20.844,-27.314
129.0,-37.083,-45.410,-57.712,-65.948,-28.169,-31.411,-35.275,-36.580,-8.914,-13.999,-22.437,-29.368
130.0,-32.016,-40.818,-59.581,-70.435,-30.284,-33.207,-36.932,-38.760,-1.732,-7.612,-22.649,-31.675
131.0,-30.361,-40.459,-57.649,-68.812,-28.124,-32.635,-34.987,-36.534,-2.237,-7.824,-22.662,-32.278
132.0,-31.489,-41.589,-58.077,-70.666,-28.232,-32.337,-34.577,-36.720,-3.256,-9.252,-23.500,-33.946
133.0,-37.092,-47.320,-64.974,-76.450,-28.886,-33.688,-34.885,-37.423,-8.206,-13.632,-30.089,-39.028
134.0,-43.265,-53.060,-76.080,-87.624,-32.218,-37.203,-39.493,-40.609,-11.046,-15.857,-36.587,-47.015
135.0,-48.642,-58.807,-83.123,-88.573,-35.680,-40.175,-43.439,-44.046,-12.961,-18.632,-39.684,-44.528
136.0,-59.342,-71.267,-86.264,-88.902,-36.349,-41.580,-43.330,-44.901,-22.993,-29.687,-42.934,-44.000
137.0,-62.521,-78.534,-87.785,-89.293,-40.305,-44.570,-46.687,-48.752,-22.216,-33.964,-41.097,-40.541
138.0,-33.309,-40.140,-43.899,-57.369,-34.529,-39.232,-41.082,-42.985,1.219,-0.908,-2.816,-14.384
139.0,-30.141,-37.709,-49.173,-62.812,-34.874,-39.381,-41.664,-43.381,4.733,1.672,-7.509,-19.430
140.0,-37.633,-42.820,-56.539,-70.539,-37.091,-41.492,-43.829,-45.567,-0.542,-1.328,-12.710,-24.972
141.0,-41.179,-48.634,-61.120,-77.921,-43.622,-47.322,-50.383,-52.086,2.442,-1.312,-10.737,-25.835
142.0,-25.711,-31.236,-34.912,-44.052,-49.546,-51.743,-56.314,-58.017,23.835,20.507,21.401,13.965
143.0,-26.627,-32.657,-38.194,-43.860,-57.690,-59.080,-64.562,-66.134,31.063,26.423,26.368,22.274
144.0,-25.314,-30.421,-37.058,-42.242,-68.572,-66.854,-75.440,-76.863,43.257,36.433,38.383,34.621
145.0,-34.961,-40.749,-48.902,-56.408,-42.005,-47.991,-49.284,-51.407,7.044,7.242,0.382,-5.001
146.0,-43.542,-49.441,-59.172,-67.270,-33.468,-37.979,-39.709,-42.172,-10.074,-11.462,-19.463,-25.098
147.0,-34.288,-39.808,-46.379,-56.934,-32.709,-37.284,-40.865,-41.067,-1.579,-2.524,-5.514,-15.867
148.0,-27.959,-34.294,-39.450,-49.257,-40.172,-45.087,-48.249,-48.531,12.213,10.792,8.799,-0.726
149.0,-23.337,-29.595,-35.301,-47.235,-47.120,-51.418,-53.346,-55.544,23.783,21.823,18.044,8.309
150.0,-19.653,-27.062,-34.416,-46.194,-25.014,-29.298,-31.837,-33.379,5.360,2.235,-2.579,-12.815
151.0,-20.952,-28.516,-39.028,-47.401,-25.621,-30.280,-33.868,-34.030,4.669,1.764,-5.160,-13.371
152.0,-19.964,-28.170,-41.522,-49.063,-26.146,-30.542,-34.845,-34.504,6.183,2.373,-6.677,-14.559
153.0,-26.368,-33.498,-46.437,-57.077,-37.042,-42.022,-43.798,-45.447,10.673,8.524,-2.639,-11.630
154.0,-23.673,-31.384,-45.718,-53.180,-46.834,-52.317,-53.191,-55.247,23.161,20.933,7.473,2.067
155.0,-21.609,-28.773,-44.303,-50.755,-32.789,-36.602,-38.365,-41.477,11.180,7.829,-5.937,-9.278
156.0,-31.534,-37.354,-53.391,-61.894,-26.725,-31.773,-32.783,-35.571,-4.808,-5.581,-20.609,-26.323
157.0,-22.697,-31.674,-46.398,-52.850,-23.144,-27.169,-27.941,-31.900,0.447,-4.505,-18.457,-20.950
158.0,-25.002,-32.852,-48.323,-56.235,-21.030,-26.559,-28.148,-29.478,-3.973,-6.293,-20.176,-26.756
159.0,-38.067,-46.045,-62.218,-71.247,-22.109,-27.899,-30.240,-30.532,-15.958,-18.146,-31.979,-40.715
160.0,-34.721,-43.976,-66.215,-79.470,-23.458,-28.213,-29.164,-31.869,-11.263,-15.763,-37.050,-47.601
161.0,-31.216,-41.256,-59.446,-70.493,-30.082,-34.233,-34.548,-38.646,-1.134,-7.023,-24.897,-31.847
162.0,-32.516,-42.454,-63.079,-75.953,-26.568,-30.383,-33.869,-34.931,-5.947,-12.071,-29.210,-41.022
163.0,-53.727,-63.511,-81.145,-87.449,-24.443,-28.577,-32.140,-32.837,-29.284,-34.934,-49.005,-54.612
164.0,-35.152,-45.723,-67.594,-82.707,-32.744,-37.143,-39.729,-41.191,-2.408,-8.580,-27.865,-41.516
165.0,-35.712,-44.703,-66.999,-82.124,-24.839,-30.178,-31.817,-33.249,-10.873,-14.526,-35.182,-48.874
166.0,-45.752,-51.963,-76.816,-87.033,-30.435,-34.941,-37.708,-38.826,-15.317,-17.022,-39.108,-48.207
167.0,-59.801,-70.183,-86.931,-89.157,-50.227,-55.306,-57.671,-58.556,-9.573,-14.877,-29.260,-30.601
168.0,-63.239,-78.817,-87.778,-89.242,-37.811,-41.727,-44.367,-46.260,-25.428,-37.090,-43.411,-42.982
169.0,-37.846,-51.411,-72.465,-86.592,-33.916,-40.252,-41.472,-42.300,-3.930,-11.159,-30.993,-44.292
170.0,-37.271,-48.737,-68.501,-84.750,-38.511,-44.403,-45.453,-46.923,1.240,-4.334,-23.048,-37.827
171.0,-34.693,-46.165,-67.264,-84.091,-45.874,-50.299,-52.463,-54.400,11.181,4.134,-14.801,-29.691
172.0,-31.964,-41.326,-58.732,-74.318,-39.312,-43.482,-46.090,-47.776,7.348,2.155,-12.642,-26.542
173.0,-29.636,-38.464,-54.608,-67.446,-42.078,-46.232,-48.672,-50.508,12.442,7.768,-5.936,-16.938
174.0,-29.135,-39.146,-56.680,-70.648,-55.912,-54.776,-62.196,-64.375,26.777,15.631,5.515,-6.273
175.0,-31.931,-39.104,-56.700,-69.446,-69.457,-68.367,-76.253,-77.740,37.526,29.263,19.553,8.294
176.0,-29.546,-37.516,-51.176,-62.668,-70.718,-68.064,-77.553,-78.927,41.172,30.548,26.377,16.259
177.0,-28.243,-38.004,-52.664,-65.854,-42.999,-48.448,-50.148,-51.489,14.755,10.445,-2.515,-14.365
178.0,-29.387,-38.960,-55.840,-68.891,-41.315,-46.024,-48.583,-49.779,11.928,7.064,-7.257,-19.112
179.0,-28.168,-37.393,-52.778,-63.126,-38.674,-43.827,-45.697,-47.111,10.506,6.434,-7.081,-16.014
180.0,-26.640,-34.802,-49.794,-58.930,-34.015,-39.468,-41.613,-42.463,7.376,4.666,-8.181,-16.467
181.0,-26.104,-35.476,-50.331,-60.485,-32.538,-37.746,-39.620,-41.024,6.435,2.271,-10.712,-19.461
182.0,-25.478,-34.046,-48.085,-57.129,-33.575,-38.250,-41.521,-41.972,8.097,4.204,-6.564,-15.157
183.0,-26.142,-33.227,-44.897,-56.433,-33.737,-38.301,-42.185,-42.121,7.595,5.073,-2.712,-14.312
184.0,-26.606,-36.005,-49.366,-58.750,-31.585,-35.952,-38.653,-40.118,4.979,-0.053,-10.713,-18.632
185.0,-29.530,-38.262,-52.885,-61.284,-32.488,-37.757,-40.206,-40.896,2.958,-0.505,-12.679,-20.388
186.0,-30.637,-38.738,-53.838,-65.205,-33.294,-37.903,-40.566,-41.717,2.657,-0.834,-13.272,-23.488
187.0,-32.113,-40.854,-55.776,-67.995,-29.895,-34.586,-37.184,-38.364,-2.217,-6.268,-18.592,-29.631
188.0,-31.948,-41.585,-58.518,-70.193,-30.059,-33.737,-36.420,-38.515,-1.889,-7.848,-22.098,-31.678
189.0,-33.031,-42.839,-59.783,-74.044,-28.758,-32.634,-36.065,-37.146,-4.273,-10.205,-23.717,-36.898
190.0,-30.979,-41.196,-59.638,-76.104,-28.245,-32.091,-32.962,-36.902,-2.734,-9.104,-26.677,-39.201
191.0,-32.350,-41.305,-57.541,-66.320,-29.113,-33.080,-33.884,-37.686,-3.237,-8.225,-23.658,-28.634
192.0,-29.609,-38.897,-54.334,-63.515,-30.606,-35.642,-37.007,-39.021,0.997,-3.254,-17.326,-24.493
193.0,-28.124,-37.538,-54.123,-63.517,-33.535,-37.554,-40.036,-42.041,5.411,0.016,-14.087,-21.476
194.0,-25.995,-34.450,-49.835,-58.524,-34.256,-37.547,-39.873,-42.736,8.261,3.097,-9.962,-15.788
195.0,-27.447,-35.707,-49.085,-58.686,-35.611,-39.530,-41.909,-44.071,8.164,3.822,-7.175,-14.614
196.0,-23.177,-31.817,-48.442,-56.047,-36.804,-40.625,-43.549,-45.275,13.627,8.807,-4.893,-10.772
197.0,-23.580,-31.967,-44.950,-52.349,-36.651,-41.635,-43.505,-45.132,13.071,9.668,-1.445,-7.216
198.0,-25.486,-33.052,-43.742,-52.640,-35.147,-40.196,-43.212,-43.544,9.661,7.144,-0.530,-9.095
199.0,-21.508,-31.683,-45.108,-52.992,-34.435,-40.606,-41.936,-42.779,12.928,8.923,-3.172,-10.214
200.0,-23.436,-31.548,-42.863,-50.234,-32.766,-38.045,-40.197,-41.133,9.330,6.496,-2.667,-9.101
201.0,-24.133,-32.511,-45.369,-54.315,-31.255,-35.108,-38.223,-39.733,7.122,2.597,-7.146,-14.582
202.0,-20.847,-30.654,-44.396,-52.837,-28.782,-34.112,-37.165,-37.128,7.935,3.459,-7.231,-15.709
203.0,-25.603,-35.616,-48.062,-56.543,-29.306,-34.846,-36.693,-37.676,3.703,-0.771,-11.369,-18.866
204.0,-36.210,-43.037,-56.658,-68.905,-27.440,-30.846,-34.351,-35.913,-8.769,-12.191,-22.307,-32.992
205.0,-31.004,-39.912,-59.414,-70.251,-26.395,-31.336,-34.685,-34.766,-4.609,-8.576,-24.729,-35.485
206.0,-28.318,-37.476,-55.644,-63.698,-27.252,-32.366,-35.192,-35.704,-1.066,-5.110,-20.452,-27.994
207.0,-27.564,-36.852,-55.633,-64.467,-24.933,-30.484,-32.210,-33.407,-2.631,-6.369,-23.423,-31.060
208.0,-28.761,-37.397,-54.679,-62.962,-26.679,-30.193,-32.139,-35.154,-2.081,-7.205,-22.540,-27.808
209.0,-23.303,-32.970,-50.164,-57.059,-25.557,-30.762,-33.954,-33.921,2.254,-2.209,-16.210,-23.137
210.0,-26.260,-34.019,-51.518,-59.865,-24.818,-30.192,-32.235,-33.282,-1.443,-3.827,-19.283,-26.583
211.0,-24.715,-33.428,-49.319,-56.244,-30.628,-35.595,-37.415,-39.086,5.913,2.167,-11.904,-17.158
212.0,-22.489,-31.666,-48.785,-56.216,-39.231,-41.321,-42.724,-47.742,16.742,9.655,-6.061,-8.474
213.0,-25.210,-33.231,-49.895,-57.169,-34.461,-37.992,-41.075,-42.904,9.252,4.761,-8.821,-14.265
214.0,-32.308,-40.513,-58.234,-69.329,-31.224,-36.454,-37.791,-39.667,-1.084,-4.059,-20.443,-29.662
215.0,-36.234,-44.355,-61.731,-75.731,-33.598,-37.494,-40.497,-42.015,-2.636,-6.861,-21.234,-33.715
216.0,-30.497,-39.929,-55.696,-66.282,-31.517,-35.806,-37.980,-39.978,1.020,-4.124,-17.716,-26.304
217.0,-28.446,-37.743,-52.472,-60.478,-27.139,-32.238,-34.070,-35.558,-1.307,-5.506,-18.402,-24.920
218.0,-28.838,-36.009,-50.276,-57.810,-30.526,-33.773,-37.286,-38.972,1.688,-2.237,-12.990,-18.838
219.0,-28.510,-37.385,-52.443,-62.307,-27.235,-32.238,-33.771,-35.696,-1.274,-5.146,-18.672,-26.611
220.0,-27.607,-35.631,-51.559,-57.912,-27.727,-31.850,-34.525,-36.155,0.120,-3.781,-17.034,-21.756
221.0,-26.502,-34.012,-49.269,-56.059,-29.586,-33.612,-37.287,-37.969,3.084,-0.400,-11.982,-18.090
222.0,-25.186,-34.081,-48.689,-56.915,-37.093,-41.083,-44.560,-45.534,11.907,7.002,-4.129,-11.382
223.0,-24.593,-31.596,-45.275,-51.570,-40.207,-43.850,-48.137,-48.591,15.613,12.254,2.863,-2.978
224.0,-23.119,-31.350,-46.165,-52.782,-34.454,-38.225,-41.756,-42.870,11.335,6.875,-4.409,-9.912
225.0,-19.784,-30.167,-44.530,-51.380,-33.139,-34.678,-39.396,-41.657,13.356,4.511,-5.134,-9.723
226.0,-21.879,-31.898,-45.025,-51.896,-32.838,-36.983,-39.491,-41.287,10.959,5.086,-5.534,-10.609
227.0,-21.877,-32.081,-46.886,-55.491,-33.214,-36.676,-40.335,-41.628,11.337,4.595,-6.551,-13.863
228.0,-22.672,-30.456,-46.278,-52.884,-31.726,-33.316,-38.184,-40.258,9.054,2.860,-8.095,-12.626
229.0,-25.111,-33.557,-46.949,-55.539,-29.651,-33.530,-35.883,-38.098,4.540,-0.027,-11.066,-17.442
230.0,-23.525,-31.254,-44.683,-51.975,-28.941,-32.777,-36.308,-37.379,5.416,1.523,-8.375,-14.596
231.0,-24.944,-31.894,-45.607,-52.308,-28.195,-30.629,-34.366,-36.700,3.251,-1.265,-11.241,-15.608
232.0,-23.525,-33.234,-49.324,-56.417,-25.549,-29.848,-32.382,-34.013,2.024,-3.386,-16.942,-22.404
233.0,-28.471,-36.923,-52.352,-62.348,-24.613,-29.375,-31.144,-33.050,-3.858,-7.548,-21.208,-29.298
234.0,-31.707,-39.353,-56.145,-64.131,-24.717,-31.362,-32.026,-33.105,-6.990,-7.990,-24.119,-31.026
235.0,-29.373,-39.630,-56.140,-66.425,-25.720,-30.840,-32.277,-34.163,-3.653,-8.791,-23.863,-32.262
236.0,-31.169,-41.310,-59.823,-73.014,-27.345,-30.857,-33.627,-35.796,-3.824,-10.453,-26.196,-37.218
237.0,-33.956,-43.857,-58.215,-72.595,-28.340,-32.171,-34.932,-36.825,-5.616,-11.686,-23.283,-35.770
238.0,-33.346,-42.528,-61.048,-73.979,-25.230,-30.745,-34.050,-33.586,-8.116,-11.783,-26.998,-40.393
239.0,-28.548,-38.835,-55.899,-69.429,-25.326,-31.311,-34.430,-33.673,-3.222,-7.524,-21.469,-35.756
240.0,-27.771,-36.983,-52.560,-65.421,-28.296,-32.535,-35.102,-36.742,0.525,-4.449,-17.458,-28.679
241.0,-30.406,-37.211,-52.226,-64.783,-33.638,-37.289,-40.949,-42.067,3.232,0.078,-11.276,-22.717
242.0,-34.092,-41.104,-54.230,-67.914,-36.568,-38.783,-43.431,-45.016,2.476,-2.320,-10.799,-22.899
243.0,-26.998,-37.425,-55.406,-64.218,-34.644,-38.633,-41.782,-43.084,7.645,1.207,-13.623,-21.134
244.0,-22.961,-34.111,-51.528,-59.279,-37.753,-41.184,-44.480,-46.220,14.792,7.073,-7.047,-13.058
245.0,-25.810,-34.967,-51.722,-60.219,-36.692,-42.147,-44.501,-45.076,10.882,7.181,-7.221,-15.143
246.0,-28.004,-37.799,-54.648,-63.829,-36.889,-40.495,-43.944,-45.347,8.885,2.697,-10.704,-18.481
247.0,-27.365,-37.476,-56.131,-67.416,-31.923,-37.058,-39.688,-40.333,4.558,-0.418,-16.442,-27.084
248.0,-32.873,-41.165,-57.682,-66.178,-31.112,-35.927,-39.072,-39.497,-1.760,-5.238,-18.610,-26.681
249.0,-32.705,-40.434,-52.548,-64.605,-32.974,-37.229,-39.599,-41.384,0.269,-3.205,-12.948,-23.221
250.0,-33.462,-41.353,-51.707,-64.363,-33.951,-39.048,-40.711,-42.407,0.489,-2.305,-10.996,-21.956
251.0,-36.349,-41.690,-55.415,-68.339,-31.990,-38.344,-38.986,-40.399,-4.360,-3.346,-16.428,-27.940
252.0,-36.173,-43.857,-59.137,-74.344,-26.979,-32.889,-33.881,-35.414,-9.193,-10.968,-25.256,-38.931
253.0,-26.484,-36.917,-55.429,-65.555,-31.309,-35.542,-38.580,-39.699,4.825,-1.376,-16.850,-25.856
254.0,-24.827,-35.148,-50.982,-60.887,-30.687,-36.406,-37.579,-39.124,5.860,1.258,-13.403,-21.763
255.0,-24.154,-33.576,-49.642,-58.144,-32.674,-38.055,-39.495,-41.083,8.520,4.479,-10.147,-17.061
256.0,-25.617,-34.251,-51.295,-59.981,-36.759,-40.946,-43.365,-45.200,11.141,6.695,-7.929,-14.781
257.0,-31.230,-40.574,-56.848,-68.288,-34.747,-39.311,-42.392,-43.271,3.517,-1.262,-14.456,-25.016
258.0,-32.321,-41.075,-58.665,-68.338,-35.480,-41.042,-42.993,-43.920,3.159,-0.033,-15.672,-24.418
259.0,-32.960,-41.349,-59.756,-71.979,-37.415,-41.113,-44.377,-45.816,4.454,-0.237,-15.379,-26.163
260.0,-31.170,-39.939,-50.834,-65.114,-36.548,-41.429,-43.445,-44.995,5.378,1.490,-7.389,-20.119
261.0,-33.423,-39.867,-52.067,-68.501,-30.617,-36.573,-37.610,-39.025,-2.806,-3.294,-14.457,-29.475
262.0,-33.670,-40.687,-57.605,-71.996,-28.293,-33.841,-35.049,-36.732,-5.378,-6.846,-22.556,-35.264
263.0,-33.547,-38.736,-49.744,-62.666,-29.339,-33.308,-36.671,-37.713,-4.208,-5.428,-13.073,-24.953
264.0,-26.516,-35.035,-46.540,-59.078,-29.954,-34.497,-37.001,-38.397,3.438,-0.537,-9.539,-20.681
265.0,-25.415,-34.062,-45.181,-56.449,-37.630,-41.498,-45.335,-46.084,12.215,7.436,0.154,-10.365
266.0,-23.934,-33.679,-47.007,-58.072,-34.972,-39.262,-40.878,-43.420,11.038,5.582,-6.129,-14.653
267.0,-23.571,-33.529,-46.979,-56.473,-36.233,-39.749,-43.357,-44.663,12.662,6.220,-3.622,-11.810
268.0,-26.994,-33.553,-49.347,-58.281,-34.646,-38.910,-41.252,-43.054,7.652,5.357,-8.096,-15.227
269.0,-28.325,-35.586,-51.756,-60.331,-36.777,-39.554,-43.195,-45.214,8.453,3.968,-8.561,-15.117
270.0,-28.125,-35.685,-53.836,-61.319,-36.447,-39.815,-43.346,-44.825,8.322,4.130,-10.491,-16.495
271.0,-28.631,-38.723,-56.779,-66.859,-34.341,-37.106,-41.406,-42.807,5.710,-1.617,-15.373,-24.052
272.0,-28.060,-36.530,-54.911,-63.776,-29.995,-34.107,-37.197,-38.473,1.934,-2.423,-17.714,-25.303
273.0,-26.199,-33.090,-48.482,-56.469,-27.878,-32.091,-35.026,-36.306,1.678,-0.999,-13.456,-20.163
274.0,-26.293,-33.914,-48.449,-56.937,-27.544,-32.252,-34.578,-36.043,1.251,-1.662,-13.872,-20.893
275.0,-25.948,-33.835,-49.994,-59.857,-27.090,-32.137,-34.946,-35.490,1.141,-1.697,-15.048,-24.367
276.0,-27.333,-34.522,-50.732,-59.038,-30.062,-33.356,-37.315,-38.494,2.729,-1.167,-13.417,-20.544
277.0,-27.026,-35.003,-50.833,-59.372,-32.089,-35.466,-38.891,-40.543,5.063,0.462,-11.942,-18.830
278.0,-23.895,-32.470,-47.438,-56.454,-31.779,-35.208,-38.923,-40.211,7.884,2.737,-8.515,-16.243
279.0,-24.246,-31.369,-41.923,-51.175,-33.961,-37.756,-40.969,-42.393,9.715,6.387,-0.955,-8.782
280.0,-27.346,-33.273,-39.543,-46.897,-33.455,-36.369,-40.821,-41.856,6.109,3.096,1.278,-5.041
281.0,-24.199,-30.421,-43.522,-51.515,-29.794,-33.022,-37.323,-38.166,5.595,2.601,-6.198,-13.349
282.0,-20.745,-29.405,-41.990,-51.030,-27.837,-32.284,-36.151,-36.197,7.092,2.878,-5.839,-14.833
283.0,-22.189,-30.723,-43.974,-51.535,-28.920,-33.338,-37.368,-37.272,6.731,2.615,-6.606,-14.262
284.0,-23.216,-30.603,-44.355,-52.423,-30.764,-34.278,-37.644,-39.197,7.549,3.675,-6.711,-13.226
285.0,-19.984,-29.613,-44.489,-51.565,-29.504,-33.920,-36.371,-37.948,9.520,4.307,-8.118,-13.617
286.0,-21.968,-28.782,-38.782,-48.230,-26.510,-31.017,-33.171,-34.943,4.542,2.235,-5.611,-13.287
287.0,-19.267,-26.762,-36.019,-45.417,-25.217,-30.463,-32.712,-33.610,5.950,3.701,-3.307,-11.807
288.0,-23.921,-29.218,-32.963,-39.957,-27.485,-31.938,-33.139,-35.932,3.564,2.720,0.176,-4.025
289.0,-18.048,-27.758,-37.590,-44.760,-26.602,-29.785,-31.863,-35.117,8.554,2.026,-5.727,-9.643
290.0,-18.167,-27.987,-41.512,-48.525,-23.598,-28.246,-29.580,-32.083,5.431,0.259,-11.932,-16.442
291.0,-19.938,-27.682,-41.013,-48.331,-25.194,-29.602,-31.956,-33.609,5.256,1.920,-9.056,-14.723
292.0,-20.044,-28.368,-40.995,-47.894,-26.714,-30.634,-32.371,-35.199,6.669,2.266,-8.625,-12.695
293.0,-18.623,-28.493,-41.768,-49.376,-23.605,-28.422,-30.163,-32.043,4.982,-0.071,-11.605,-17.332
294.0,-19.302,-29.271,-43.507,-50.870,-24.105,-27.446,-30.660,-32.604,4.803,-1.825,-12.847,-18.266
295.0,-21.429,-29.404,-42.728,-50.891,-21.772,-26.249,-28.407,-30.163,0.343,-3.155,-14.322,-20.729
296.0,-23.837,-30.714,-43.846,-51.344,-23.513,-28.231,-29.800,-32.828,-0.324,-2.483,-14.046,-18.515
297.0,-21.935,-30.367,-42.861,-50.919,-22.132,-26.504,-28.675,-30.621,0.197,-3.863,-14.186,-20.298
298.0,-22.611,-30.240,-44.046,-51.853,-22.282,-26.482,-29.619,-30.706,-0.329,-3.758,-14.428,-21.147
299.0,-23.388,-32.578,-45.282,-53.566,-22.913,-27.155,-30.940,-31.276,-0.475,-5.423,-14.342,-22.290
300.0,-24.526,-31.679,-46.980,-55.273,-23.223,-27.231,-29.625,-31.680,-1.303,-4.449,-17.355,-23.593
301.0,-26.624,-35.207,-51.211,-60.853,-23.060,-27.337,-29.458,-31.534,-3.565,-7.871,-21.753,-29.319
302.0,-28.683,-39.264,-55.201,-66.177,-24.079,-28.245,-31.140,-32.527,-4.604,-11.019,-24.061,-33.650
303.0,-28.999,-37.462,-54.124,-64.044,-23.970,-28.694,-32.512,-32.304,-5.029,-8.768,-21.613,-31.740
304.0,-30.499,-38.407,-54.231,-65.795,-26.008,-29.351,-32.095,-34.491,-4.491,-9.056,-22.136,-31.304
305.0,-30.115,-38.026,-54.115,-66.428,-25.245,-29.368,-31.520,-33.663,-4.870,-8.658,-22.596,-32.765
306.0,-31.144,-40.653,-56.267,-68.708,-26.310,-29.860,-33.160,-34.741,-4.834,-10.793,-23.107,-33.967
307.0,-32.396,-42.236,-58.965,-71.692,-26.880,-31.511,-34.054,-35.305,-5.515,-10.725,-24.911,-36.387
308.0,-41.662,-53.701,-70.235,-81.326,-27.183,-31.252,-34.489,-35.637,-14.479,-22.449,-35.746,-45.689
309.0,-44.230,-52.625,-70.849,-85.541,-31.333,-34.792,-38.425,-39.774,-12.897,-17.833,-32.424,-45.767
310.0,-48.228,-56.155,-76.032,-87.521,-32.603,-37.454,-39.899,-41.054,-15.625,-18.701,-36.133,-46.468
311.0,-64.216,-77.963,-87.592,-89.297,-31.451,-36.956,-39.692,-39.813,-32.765,-41.007,-47.900,-49.483
312.0,-48.230,-58.195,-71.844,-82.031,-33.723,-37.302,-40.908,-42.173,-14.507,-20.893,-30.935,-39.859
313.0,-43.773,-54.289,-68.023,-78.471,-34.379,-37.393,-41.467,-42.843,-9.393,-16.896,-26.556,-35.628
314.0,-30.237,-37.174,-53.118,-61.027,-35.650,-40.040,-42.911,-44.092,5.413,2.866,-10.207,-16.935
315.0,-35.080,-44.761,-57.189,-65.167,-37.949,-41.899,-44.986,-46.422,2.869,-2.862,-12.203,-18.745
316.0,-26.666,-34.872,-51.903,-57.756,-48.247,-53.724,-54.958,-56.726,21.581,18.852,3.055,-1.030
317.0,-37.209,-43.369,-60.168,-69.307,-47.581,-50.813,-55.283,-56.015,10.371,7.444,-4.885,-13.292
318.0,-42.401,-53.412,-71.338,-82.711,-57.350,-59.386,-64.510,-65.847,14.949,5.974,-6.827,-16.864
319.0,-31.835,-42.650,-61.484,-71.873,-71.351,-68.924,-78.154,-79.541,39.516,26.274,16.670,7.667
320.0,-27.647,-37.875,-56.084,-64.432,-47.327,-52.714,-53.967,-55.780,19.680,14.840,-2.116,-8.652
321.0,-32.635,-38.496,-55.169,-62.996,-37.306,-39.318,-43.948,-45.844,4.671,0.821,-11.220,-17.151
322.0,-31.755,-39.119,-56.724,-64.197,-36.611,-38.559,-42.927,-45.065,4.857,-0.560,-13.797,-19.132
323.0,-33.260,-41.805,-60.632,-73.728,-40.493,-46.252,-47.134,-48.941,7.233,4.448,-13.498,-24.787
324.0,-33.889,-40.438,-58.060,-66.273,-29.504,-33.278,-35.768,-37.964,-4.385,-7.160,-22.292,-28.309
325.0,-32.656,-41.108,-58.134,-69.784,-44.266,-45.663,-50.541,-52.734,11.611,4.555,-7.593,-17.051
326.0,-31.375,-39.961,-57.547,-66.522,-45.564,-49.749,-52.593,-53.986,14.189,9.789,-4.955,-12.536
327.0,-34.403,-44.738,-60.162,-74.174,-34.000,-39.927,-40.741,-42.420,-0.403,-4.811,-19.421,-31.754
328.0,-33.335,-45.136,-61.346,-77.067,-32.371,-37.519,-38.929,-40.824,-0.964,-7.617,-22.416,-36.243
329.0,-33.124,-45.337,-66.389,-81.417,-35.776,-36.460,-41.647,-44.349,2.653,-8.878,-24.741,-37.068
330.0,-31.920,-41.750,-57.742,-67.124,-39.471,-40.445,-45.137,-47.968,7.551,-1.305,-12.605,-19.156
331.0,-28.882,-37.265,-53.264,-60.893,-36.826,-40.801,-44.051,-45.255,7.943,3.536,-9.212,-15.638
332.0,-29.956,-39.567,-57.100,-66.820,-37.913,-39.731,-44.734,-46.358,7.957,0.164,-12.366,-20.462
333.0,-30.215,-36.604,-53.187,-60.687,-36.601,-39.053,-43.525,-45.072,6.386,2.449,-9.662,-15.616
334.0,-28.437,-36.078,-52.282,-59.271,-36.700,-40.307,-43.258,-45.186,8.263,4.229,-9.023,-14.085
335.0,-31.920,-40.715,-56.346,-67.370,-37.855,-43.030,-45.638,-46.269,5.934,2.316,-10.708,-21.102
336.0,-27.746,-35.786,-51.711,-58.544,-40.278,-45.510,-47.218,-48.750,12.533,9.724,-4.494,-9.794
337.0,-26.381,-33.988,-49.001,-56.258,-39.154,-43.385,-45.804,-47.669,12.772,9.397,-3.196,-8.589
338.0,-29.343,-36.123,-51.062,-60.626,-35.891,-39.478,-42.768,-44.270,6.548,3.355,-8.295,-16.357
339.0,-30.169,-37.100,-52.905,-62.447,-35.719,-36.658,-41.927,-44.225,5.550,-0.442,-10.977,-18.223
340.0,-32.970,-40.759,-57.310,-66.487,-34.120,-37.938,-40.921,-42.575,1.150,-2.821,-16.389,-23.912
341.0,-33.559,-40.701,-59.169,-69.984,-32.683,-34.912,-39.077,-41.184,-0.876,-5.789,-20.092,-28.800
342.0,-35.341,-43.463,-62.377,-74.018,-31.939,-35.950,-38.253,-40.384,-3.402,-7.513,-24.125,-33.634
343.0,-34.848,-44.451,-62.394,-75.958,-34.043,-38.216,-40.547,-42.515,-0.804,-6.235,-21.847,-33.443
344.0,-35.649,-43.362,-62.521,-72.899,-33.262,-36.492,-40.187,-41.632,-2.386,-6.870,-22.334,-31.267
345.0,-29.406,-36.504,-54.212,-62.659,-27.641,-33.101,-35.502,-35.966,-1.765,-3.403,-18.710,-26.694
346.0,-30.066,-37.727,-55.556,-66.763,-31.081,-35.184,-38.995,-39.454,1.015,-2.543,-16.561,-27.309
347.0,-32.063,-41.310,-59.032,-71.316,-34.127,-36.530,-41.030,-42.648,2.064,-4.780,-18.002,-28.668
348.0,-32.304,-42.309,-60.209,-74.425,-36.631,-39.018,-43.294,-45.113,4.327,-3.291,-16.915,-29.313
349.0,-30.505,-39.046,-57.575,-65.741,-39.503,-41.770,-45.840,-47.955,8.998,2.724,-11.735,-17.786
350.0,-25.390,-33.425,-48.800,-56.072,-39.985,-42.371,-46.766,-48.484,14.595,8.946,-2.033,-7.588
351.0,-26.010,-33.900,-49.778,-58.404,-38.901,-42.842,-45.634,-47.348,12.891,8.942,-4.143,-11.056
352.0,-25.276,-35.508,-51.931,-61.464,-37.700,-40.226,-44.267,-46.208,12.424,4.718,-7.664,-15.256
353.0,-25.281,-36.716,-52.994,-62.696,-32.705,-35.639,-38.954,-41.206,7.424,-1.077,-14.040,-21.489
354.0,-23.502,-34.790,-51.243,-61.678,-34.426,-37.361,-40.933,-42.931,10.924,2.571,-10.309,-18.747
355.0,-24.276,-32.978,-48.638,-56.113,-35.955,-39.661,-42.716,-44.458,11.679,6.683,-5.921,-11.654
356.0,-27.703,-35.965,-49.794,-57.959,-36.570,-40.877,-43.387,-45.066,8.866,4.912,-6.407,-12.893
357.0,-28.280,-37.070,-52.893,-60.627,-32.397,-34.963,-39.110,-40.899,4.116,-2.107,-13.784,-19.728
358.0,-24.708,-34.210,-47.105,-56.278,-29.992,-33.533,-36.301,-38.497,5.284,-0.677,-10.804,-17.781
359.0,-27.712,-35.608,-46.824,-54.798,-31.362,-34.352,-38.250,-39.770,3.650,-1.256,-8.573,-15.028
360.0,-32.528,-39.867,-53.251,-62.712,-28.877,-34.614,-35.724,-37.317,-3.651,-5.254,-17.527,-25.394
361.0,-29.092,-37.325,-49.645,-61.491,-30.483,-35.823,-37.399,-38.942,1.391,-1.502,-12.246,-22.549
362.0,-27.925,-36.581,-49.563,-58.777,-27.561,-33.601,-34.395,-35.965,-0.363,-2.980,-15.168,-22.812
363.0,-26.987,-37.130,-50.045,-58.774,-29.945,-32.753,-36.818,-38.354,2.958,-4.377,-13.228,-20.420
364.0,-25.708,-35.178,-50.476,-58.109,-31.477,-35.676,-37.946,-39.997,5.769,0.498,-12.529,-18.112
365.0,-25.749,-33.913,-49.905,-59.424,-30.355,-34.611,-36.975,-38.822,4.606,0.697,-12.931,-20.602
366.0,-25.172,-35.675,-51.830,-60.484,-28.307,-33.770,-35.099,-36.790,3.135,-1.905,-16.732,-23.694
367.0,-28.351,-36.496,-52.935,-61.941,-31.262,-35.254,-36.086,-39.733,2.911,-1.242,-16.849,-22.208
368.0,-31.453,-41.246,-57.315,-68.511,-35.641,-39.171,-41.496,-44.156,4.188,-2.075,-15.818,-24.356
369.0,-31.650,-41.285,-58.681,-68.967,-32.243,-35.878,-38.826,-40.784,0.593,-5.406,-19.855,-28.183
370.0,-33.372,-42.015,-59.817,-71.788,-29.768,-35.783,-37.687,-38.144,-3.604,-6.233,-22.130,-33.645
371.0,-35.785,-43.868,-63.304,-75.535,-28.453,-33.504,-35.965,-36.879,-7.331,-10.364,-27.339,-38.655
372.0,-35.584,-46.577,-64.755,-75.902,-30.433,-35.509,-38.082,-38.797,-5.151,-11.068,-26.673,-37.105
373.0,-34.533,-47.633,-67.573,-81.057,-30.171,-33.765,-38.030,-38.522,-4.363,-13.868,-29.544,-42.535
374.0,-36.896,-48.839,-72.440,-86.475,-29.378,-34.811,-36.284,-37.824,-7.518,-14.028,-36.156,-48.652
375.0,-35.479,-46.111,-68.825,-83.075,-33.173,-35.775,-39.515,-41.661,-2.306,-10.336,-29.310,-41.415
376.0,-34.292,-43.794,-57.023,-70.813,-36.885,-40.723,-43.536,-45.376,2.594,-3.071,-13.488,-25.437
377.0,-31.351,-40.550,-57.795,-71.589,-37.056,-39.449,-43.791,-45.525,5.706,-1.100,-14.004,-26.064
378.0,-30.929,-39.837,-52.398,-68.206,-39.485,-42.588,-46.179,-47.937,8.555,2.751,-6.218,-20.268
379.0,-30.243,-42.068,-56.914,-71.699,-40.147,-42.459,-46.828,-48.614,9.904,0.391,-10.086,-23.085
380.0,-31.587,-42.017,-56.097,-68.356,-39.983,-46.508,-47.069,-48.462,8.396,4.491,-9.028,-19.894
381.0,-29.687,-39.188,-53.591,-69.699,-39.903,-45.930,-46.737,-48.403,10.215,6.742,-6.854,-21.295
382.0,-29.622,-39.620,-56.321,-68.677,-42.905,-47.655,-49.658,-51.394,13.283,8.035,-6.664,-17.283
383.0,-32.937,-43.000,-61.325,-74.233,-39.065,-42.900,-45.860,-47.576,6.127,-0.100,-15.464,-26.656
384.0,-33.123,-43.033,-60.922,-75.722,-39.275,-43.290,-46.084,-47.779,6.152,0.257,-14.838,-27.943
385.0,-34.145,-46.033,-66.382,-81.965,-35.847,-39.771,-42.564,-44.333,1.702,-6.262,-23.818,-37.633
386.0,-32.969,-43.356,-64.438,-78.399,-35.055,-38.709,-41.918,-43.509,2.086,-4.647,-22.520,-34.889
387.0,-32.418,-42.136,-52.204,-66.467,-34.592,-39.281,-40.390,-43.086,2.175,-2.855,-11.814,-23.381
388.0,-31.176,-39.800,-55.492,-67.626,-36.344,-40.612,-42.187,-44.828,5.168,0.812,-13.305,-22.798
389.0,-28.785,-39.218,-53.353,-70.695,-33.703,-38.318,-38.600,-42.348,4.918,-0.900,-14.754,-28.347
390.0,-31.112,-41.727,-57.907,-72.507,-33.946,-37.894,-40.491,-42.409,2.834,-3.833,-17.416,-30.098
391.0,-29.659,-40.246,-56.418,-68.675,-37.441,-42.323,-44.644,-45.887,7.782,2.077,-11.774,-22.788
392.0,-29.184,-38.866,-55.413,-71.277,-39.030,-42.559,-45.630,-47.519,9.846,3.693,-9.783,-23.758
393.0,-31.379,-40.870,-60.333,-74.331,-39.648,-44.129,-46.302,-48.142,8.270,3.259,-14.031,-26.189
394.0,-33.120,-43.359,-61.470,-75.719,-35.825,-40.396,-42.929,-44.365,2.704,-2.963,-18.541,-31.354
395.0,-32.452,-43.419,-62.883,-77.111,-37.112,-41.290,-43.826,-45.589,4.660,-2.129,-19.057,-31.523
396.0,-35.481,-46.471,-66.713,-82.372,-34.922,-39.712,-41.782,-43.403,-0.560,-6.759,-24.931,-38.969
397.0,-35.960,-48.421,-69.898,-84.541,-34.220,-38.021,-41.152,-42.719,-1.740,-10.400,-28.746,-41.822
398.0,-29.297,-39.458,-51.855,-64.129,-34.412,-39.113,-40.817,-42.901,5.115,-0.345,-11.038,-21.227
399.0,-29.888,-39.715,-50.752,-65.309,-35.876,-39.946,-41.256,-44.338,5.988,0.231,-9.496,-20.971
400.0,-31.472,-40.460,-53.112,-65.935,-33.847,-37.924,-39.043,-42.403,2.375,-2.536,-14.070,-23.533
401.0,-29.116,-38.849,-51.274,-64.347,-35.469,-39.637,-42.238,-43.934,6.354,0.788,-9.036,-20.413
402.0,-33.054,-42.243,-59.326,-71.141,-38.715,-44.077,-45.691,-47.149,5.661,1.833,-13.635,-23.993
403.0,-30.185,-41.027,-61.654,-76.090,-37.759,-42.084,-44.464,-46.256,7.574,1.057,-17.190,-29.834
404.0,-30.298,-40.622,-53.710,-67.187,-40.442,-44.652,-47.059,-48.921,10.144,4.030,-6.651,-18.267
405.0,-30.548,-38.139,-50.401,-65.563,-41.413,-45.785,-48.215,-49.897,10.865,7.646,-2.186,-15.666
406.0,-30.753,-40.138,-58.947,-70.898,-33.555,-37.985,-39.756,-41.988,2.801,-2.153,-19.192,-28.910
407.0,-34.073,-40.544,-49.355,-66.684,-33.097,-37.669,-40.103,-41.693,-0.976,-2.876,-9.251,-24.991
408.0,-32.330,-42.533,-62.629,-75.493,-34.425,-38.462,-41.359,-42.957,2.095,-4.071,-21.270,-32.535
409.0,-33.688,-44.475,-63.369,-75.315,-35.131,-40.199,-41.960,-43.711,1.443,-4.276,-21.409,-31.604
410.0,-33.065,-39.318,-50.826,-66.409,-37.748,-41.367,-44.660,-46.215,4.684,2.048,-6.166,-20.194
411.0,-28.545,-39.287,-55.655,-69.848,-33.431,-38.776,-40.606,-41.849,4.886,-0.511,-15.050,-27.999
412.0,-31.264,-41.647,-59.262,-73.499,-36.128,-41.040,-43.089,-44.580,4.864,-0.607,-16.173,-28.919
413.0,-31.158,-38.798,-52.157,-70.040,-34.762,-37.621,-42.405,-43.133,3.604,-1.177,-9.751,-26.907
414.0,-34.009,-41.383,-56.361,-68.229,-32.652,-37.836,-40.269,-41.046,-1.357,-3.546,-16.093,-27.183
415.0,-33.871,-44.383,-61.065,-75.328,-39.783,-43.597,-46.968,-48.236,5.913,-0.786,-14.097,-27.092
416.0,-32.684,-42.366,-57.759,-73.413,-37.127,-41.136,-43.691,-45.580,4.443,-1.230,-14.068,-27.832
417.0,-30.579,-41.966,-60.280,-73.567,-35.337,-40.394,-43.582,-43.759,4.758,-1.572,-16.699,-29.808
418.0,-33.361,-44.209,-62.899,-77.527,-35.412,-39.705,-44.008,-43.758,2.051,-4.504,-18.891,-33.769
419.0,-31.561,-43.205,-61.809,-74.798,-32.766,-38.261,-39.573,-41.210,1.205,-4.944,-22.236,-33.588
420.0,-39.956,-49.226,-68.077,-81.499,-35.198,-39.405,-42.260,-43.618,-4.758,-9.821,-25.817,-37.881
421.0,-38.351,-50.859,-71.760,-84.700,-35.760,-39.462,-39.686,-44.390,-2.591,-11.397,-32.075,-40.309
422.0,-39.855,-50.724,-61.512,-73.835,-38.097,-40.439,-42.086,-46.576,-1.758,-10.285,-19.426,-27.259
423.0,-34.368,-41.065,-56.247,-67.493,-37.031,-41.760,-42.534,-45.603,2.663,0.695,-13.713,-21.890
424.0,-30.323,-37.967,-56.159,-65.059,-36.854,-41.136,-43.402,-45.371,6.531,3.169,-12.758,-19.688
425.0,-32.301,-42.246,-62.843,-74.928,-35.532,-40.316,-42.151,-44.056,3.232,-1.930,-20.692,-30.872
426.0,-33.061,-43.839,-63.653,-74.728,-37.427,-42.148,-44.345,-45.894,4.367,-1.690,-19.308,-28.834
427.0,-33.666,-42.703,-61.347,-72.139,-37.784,-43.323,-44.723,-46.255,4.118,0.620,-16.624,-25.884
428.0,-26.711,-36.677,-55.845,-64.592,-44.314,-48.171,-51.217,-52.770,17.603,11.494,-4.628,-11.822
429.0,-27.459,-37.355,-54.716,-64.567,-44.788,-49.847,-51.532,-53.295,17.328,12.491,-3.184,-11.273
430.0,-34.524,-42.139,-60.142,-70.836,-40.951,-44.813,-48.645,-49.483,6.427,2.674,-11.497,-21.353
431.0,-32.225,-45.315,-65.120,-78.781,-35.191,-38.993,-43.575,-43.491,2.966,-6.322,-21.545,-35.290
432.0,-33.267,-43.990,-62.927,-75.309,-36.804,-39.338,-44.243,-45.175,3.537,-4.652,-18.683,-30.135
433.0,-31.646,-38.717,-55.588,-64.313,-36.170,-41.602,-42.960,-44.587,4.524,2.886,-12.628,-19.726
434.0,-27.618,-37.009,-54.738,-63.208,-40.192,-45.142,-46.899,-48.689,12.574,8.133,-7.839,-14.519
435.0,-28.472,-39.422,-57.583,-68.053,-36.579,-40.850,-43.286,-45.022,8.107,1.428,-14.298,-23.031
436.0,-29.699,-41.935,-58.337,-69.323,-31.083,-36.159,-37.960,-39.514,1.383,-5.776,-20.376,-29.809
437.0,-31.002,-43.759,-60.962,-71.825,-32.283,-37.190,-38.807,-40.760,1.281,-6.569,-22.155,-31.065
438.0,-30.190,-39.212,-54.695,-64.071,-38.259,-41.347,-44.945,-46.766,8.068,2.134,-9.750,-17.305
439.0,-27.142,-35.180,-52.438,-59.633,-38.890,-44.291,-45.798,-47.409,11.748,9.110,-6.640,-12.224
440.0,-26.245,-36.672,-54.743,-63.289,-40.213,-42.634,-46.768,-48.729,13.968,5.961,-7.975,-14.561
441.0,-26.700,-35.408,-50.966,-60.441,-35.053,-37.027,-41.520,-43.560,8.352,1.618,-9.446,-16.881
442.0,-28.173,-36.686,-50.899,-60.292,-31.298,-36.292,-38.099,-39.723,3.125,-0.394,-12.799,-20.569
443.0,-32.810,-42.688,-57.989,-68.399,-33.322,-38.294,-40.143,-41.764,0.512,-4.395,-17.846,-26.635
444.0,-31.764,-39.677,-56.846,-65.098,-36.208,-41.643,-42.981,-44.718,4.444,1.966,-13.866,-20.380
445.0,-26.586,-37.162,-56.986,-67.576,-36.446,-42.219,-43.455,-44.928,9.860,5.057,-13.530,-22.647
446.0,-33.661,-45.066,-65.768,-79.382,-33.313,-36.136,-39.972,-41.825,-0.349,-8.930,-25.795,-37.557
447.0,-36.902,-48.418,-66.587,-79.226,-29.958,-34.603,-36.738,-38.377,-6.944,-13.815,-29.849,-40.849
448.0,-38.469,-49.375,-68.331,-81.562,-30.551,-35.129,-37.564,-38.953,-7.918,-14.246,-30.767,-42.609
449.0,-33.440,-40.638,-51.411,-61.957,-33.357,-36.398,-40.199,-41.799,-0.083,-4.240,-11.211,-20.158
450.0,-32.170,-40.797,-51.393,-60.663,-30.984,-35.435,-38.739,-39.360,-1.186,-5.362,-12.655,-21.303
451.0,-29.785,-37.875,-45.348,-58.626,-37.490,-42.366,-44.433,-45.915,7.705,4.492,-0.915,-12.711
452.0,-28.541,-36.103,-42.774,-55.709,-34.815,-38.814,-41.758,-43.221,6.274,2.710,-1.016,-12.488
453.0,-28.410,-36.806,-49.098,-61.908,-31.317,-37.732,-38.165,-39.712,2.907,0.926,-10.933,-22.196
454.0,-29.211,-38.300,-49.915,-63.076,-40.670,-46.509,-47.443,-49.119,11.459,8.208,-2.472,-13.957
455.0,-29.923,-37.883,-45.657,-61.849,-41.963,-47.329,-48.868,-50.435,12.039,9.446,3.211,-11.414
456.0,-29.051,-36.896,-44.614,-57.865,-42.873,-48.017,-49.674,-51.328,13.822,11.121,5.060,-6.536
457.0,-29.433,-39.216,-52.525,-65.576,-37.431,-40.045,-42.430,-45.907,7.998,0.829,-10.095,-19.669
458.0,-32.651,-42.355,-57.678,-72.261,-32.568,-37.504,-40.016,-41.225,-0.083,-4.850,-17.662,-31.035
459.0,-32.003,-42.461,-58.950,-70.950,-34.068,-38.308,-40.918,-42.632,2.065,-4.152,-18.032,-28.317
460.0,-31.805,-37.894,-46.332,-56.352,-31.828,-35.597,-37.936,-40.606,0.023,-2.296,-8.396,-15.746
461.0,-26.596,-35.386,-43.459,-55.801,-32.843,-35.839,-39.355,-41.272,6.247,0.453,-4.104,-14.529
462.0,-30.936,-38.493,-45.272,-58.157,-30.280,-35.946,-38.807,-38.617,-0.655,-2.546,-6.465,-19.539
463.0,-31.605,-40.065,-53.207,-64.970,-34.665,-38.452,-41.499,-43.167,3.059,-1.613,-11.708,-21.803
464.0,-28.314,-36.162,-48.141,-59.294,-32.230,-36.667,-39.870,-41.012,3.916,0.505,-8.271,-18.283
465.0,-29.244,-36.521,-45.755,-61.597,-32.899,-37.231,-37.979,-41.534,3.654,0.710,-7.776,-20.062
466.0,-29.758,-39.906,-54.427,-64.311,-37.153,-41.234,-43.875,-45.669,7.395,1.328,-10.553,-18.643
467.0,-29.591,-37.135,-46.534,-59.281,-35.667,-39.679,-41.324,-44.236,6.077,2.544,-5.209,-15.045
468.0,-29.485,-38.260,-51.497,-64.048,-34.957,-38.100,-40.612,-43.364,5.471,-0.160,-10.886,-20.684
469.0,-29.290,-40.025,-56.248,-67.974,-29.928,-34.405,-37.373,-38.604,0.639,-5.620,-18.875,-29.370
470.0,-30.247,-41.067,-57.957,-69.135,-33.634,-37.433,-39.734,-42.296,3.387,-3.634,-18.223,-26.839
471.0,-27.655,-35.556,-49.944,-62.315,-32.863,-37.732,-39.544,-41.346,5.209,2.177,-10.400,-20.969
472.0,-26.831,-34.757,-43.644,-55.950,-34.124,-36.391,-40.699,-42.505,7.294,1.634,-2.945,-13.445
473.0,-25.545,-34.555,-44.068,-58.281,-30.670,-35.776,-39.463,-39.003,5.125,1.221,-4.606,-19.278
474.0,-24.625,-35.045,-51.417,-60.019,-32.682,-36.922,-39.707,-41.232,8.057,1.877,-11.710,-18.787
475.0,-23.907,-32.210,-41.638,-55.182,-34.907,-38.645,-41.901,-43.571,11.000,6.435,0.263,-11.611
476.0,-24.022,-32.467,-39.259,-50.726,-32.280,-36.257,-37.311,-40.860,8.258,3.790,-1.948,-9.866
477.0,-26.496,-33.606,-40.539,-51.833,-34.089,-39.013,-40.814,-42.570,7.593,5.407,0.275,-9.263
478.0,-28.094,-34.954,-42.055,-54.113,-32.336,-37.331,-39.052,-40.801,4.242,2.377,-3.004,-13.312
479.0,-26.515,-36.699,-49.575,-57.622,-31.509,-35.034,-38.214,-39.981,4.994,-1.665,-11.361,-17.641
480.0,-22.246,-31.922,-39.943,-51.302,-30.619,-34.566,-37.602,-39.308,8.372,2.645,-2.341,-11.994
481.0,-25.411,-31.940,-41.329,-50.430,-28.658,-34.093,-36.592,-37.041,3.246,2.153,-4.737,-13.389
482.0,-26.554,-33.601,-42.242,-47.210,-27.812,-34.047,-34.495,-36.250,1.258,0.445,-7.747,-10.960
483.0,-29.634,-36.440,-41.441,-48.318,-26.632,-31.953,-34.891,-34.975,-3.001,-4.487,-6.549,-13.343
484.0,-30.320,-35.920,-42.483,-53.069,-25.564,-29.846,-32.060,-34.297,-4.756,-6.074,-10.423,-18.772
485.0,-28.384,-36.072,-45.142,-60.171,-28.421,-32.612,-35.947,-37.065,0.037,-3.460,-9.194,-23.106
486.0,-28.906,-38.949,-54.182,-65.879,-32.233,-36.170,-38.937,-40.672,3.328,-2.779,-15.245,-25.207
487.0,-31.423,-40.431,-53.294,-69.424,-27.993,-34.486,-35.022,-36.437,-3.430,-5.945,-18.272,-32.987
488.0,-30.382,-40.464,-56.716,-68.943,-25.617,-30.876,-32.801,-34.234,-4.765,-9.588,-23.915,-34.709
489.0,-36.833,-44.990,-62.193,-76.343,-26.568,-31.343,-32.591,-35.006,-10.265,-13.647,-29.602,-41.337
490.0,-37.952,-48.411,-67.379,-80.829,-27.542,-31.679,-34.998,-36.047,-10.409,-16.732,-32.381,-44.782
491.0,-35.539,-43.964,-62.847,-72.391,-31.524,-35.870,-36.115,-40.212,-4.015,-8.094,-26.732,-32.179
492.0,-30.406,-38.340,-57.807,-67.117,-31.810,-35.814,-37.669,-40.420,1.404,-2.526,-20.138,-26.697
493.0,-31.764,-39.216,-56.101,-67.035,-29.964,-35.498,-38.097,-38.323,-1.801,-3.718,-18.003,-28.712
494.0,-26.054,-35.305,-52.587,-61.511,-32.152,-37.395,-37.861,-40.694,6.098,2.090,-14.726,-20.816
495.0,-24.790,-34.623,-53.346,-61.653,-36.626,-41.023,-41.483,-45.198,11.837,6.400,-11.863,-16.455
496.0,-27.789,-35.393,-51.542,-59.571,-34.465,-38.750,-40.348,-43.012,6.676,3.356,-11.195,-16.559
497.0,-26.888,-35.426,-50.634,-58.455,-42.198,-45.055,-48.209,-50.746,15.310,9.629,-2.425,-7.708
498.0,-26.515,-35.197,-51.878,-59.661,-43.088,-47.545,-50.109,-51.527,16.573,12.348,-1.770,-8.135
499.0,-35.073,-42.983,-59.469,-68.750,-38.071,-41.855,-44.446,-46.589,2.998,-1.128,-15.023,-22.160
500.0,-33.292,-42.034,-61.729,-71.680,-33.114,-36.901,-39.502,-41.602,-0.178,-5.133,-22.227,-30.077
501.0,-29.697,-36.723,-53.541,-62.389,-35.210,-38.735,-41.466,-43.732,5.513,2.013,-12.075,-18.657
502.0,-27.507,-36.848,-52.455,-60.483,-29.293,-34.008,-36.058,-37.732,1.786,-2.841,-16.397,-22.751
503.0,-25.316,-34.970,-47.444,-55.983,-29.184,-34.016,-35.671,-37.621,3.868,-0.954,-11.773,-18.362
504.0,-26.845,-34.185,-48.629,-57.437,-30.167,-35.019,-38.045,-38.490,3.322,0.833,-10.584,-18.947
505.0,-29.055,-34.090,-48.358,-57.027,-29.127,-36.009,-36.506,-37.481,0.072,1.919,-11.853,-19.547
506.0,-24.521,-33.727,-46.158,-53.908,-31.787,-34.939,-38.427,-40.248,7.265,1.212,-7.732,-13.660
507.0,-27.518,-33.980,-49.634,-57.403,-40.114,-42.865,-46.602,-48.604,12.595,8.885,-3.032,-8.799
508.0,-30.553,-39.295,-57.052,-67.377,-35.673,-40.168,-42.865,-44.094,5.120,0.873,-14.188,-23.283
509.0,-21.480,-32.643,-45.937,-53.052,-30.066,-34.662,-38.225,-38.408,8.587,2.018,-7.712,-14.644
510.0,-22.105,-31.988,-45.635,-53.531,-29.846,-35.790,-37.073,-38.228,7.741,3.801,-8.562,-15.303
511.0,-25.182,-32.202,-47.498,-55.996,-27.981,-32.698,-35.035,-36.476,2.800,0.495,-12.462,-19.519
512.0,-24.600,-35.450,-50.154,-59.281,-30.035,-33.433,-38.071,-38.396,5.435,-2.017,-12.082,-20.885
513.0,-30.200,-39.287,-57.404,-69.729,-28.256,-32.858,-34.326,-36.739,-1.944,-6.429,-23.078,-32.991
514.0,-29.192,-37.976,-50.024,-64.588,-30.773,-35.170,-37.293,-39.267,1.581,-2.806,-12.731,-25.321
515.0,-28.792,-36.800,-53.009,-64.002,-31.462,-33.922,-38.612,-39.859,2.671,-2.879,-14.398,-24.143
516.0,-31.176,-40.774,-59.252,-70.275,-34.889,-39.799,-41.739,-43.319,3.713,-0.974,-17.514,-26.956
517.0,-39.011,-45.585,-64.911,-76.802,-24.719,-29.834,-31.277,-33.225,-14.293,-15.751,-33.634,-43.577
518.0,-35.602,-48.490,-68.045,-82.075,-26.055,-30.956,-33.690,-34.471,-9.547,-17.534,-34.355,-47.604
519.0,-37.413,-46.410,-64.635,-80.014,-29.316,-32.854,-36.180,-37.787,-8.097,-13.556,-28.455,-42.227
520.0,-34.301,-42.306,-61.911,-73.317,-31.548,-35.897,-38.147,-40.102,-2.753,-6.409,-23.764,-33.215
521.0,-35.434,-43.248,-61.616,-73.881,-35.080,-39.155,-41.828,-43.566,-0.353,-4.094,-19.788,-30.315
522.0,-31.791,-40.503,-58.431,-70.452,-31.859,-35.993,-36.099,-40.519,0.068,-4.509,-22.332,-29.933
523.0,-30.967,-42.338,-57.476,-71.653,-32.648,-35.623,-40.253,-41.032,1.681,-6.715,-17.223,-30.621
524.0,-31.041,-38.056,-55.991,-66.738,-37.058,-40.242,-43.887,-45.498,6.016,2.187,-12.104,-21.240
525.0,-27.717,-35.843,-54.056,-62.306,-41.605,-45.409,-48.599,-50.072,13.888,9.565,-5.458,-12.234
526.0,-33.138,-40.917,-59.820,-70.573,-43.958,-48.097,-50.912,-52.418,10.820,7.180,-8.909,-18.156
527.0,-33.693,-43.381,-60.665,-74.039,-43.394,-45.446,-47.860,-51.926,9.701,2.066,-12.805,-22.113
528.0,-36.977,-45.696,-63.789,-78.603,-38.608,-40.907,-45.196,-47.058,1.631,-4.789,-18.594,-31.545
529.0,-33.956,-41.480,-61.750,-72.543,-36.943,-41.075,-44.011,-45.373,2.987,-0.405,-17.739,-27.170
530.0,-30.194,-40.207,-60.872,-72.914,-35.073,-39.310,-42.684,-43.478,4.879,-0.897,-18.189,-29.436
531.0,-31.339,-39.402,-58.078,-67.654,-35.880,-40.617,-43.572,-44.298,4.540,1.215,-14.506,-23.356
532.0,-24.848,-34.345,-53.325,-61.465,-33.574,-37.610,-41.819,-41.936,8.726,3.265,-11.506,-19.528
533.0,-29.958,-37.491,-53.357,-61.866,-32.345,-35.739,-38.833,-40.804,2.387,-1.752,-14.524,-21.062
534.0,-26.954,-35.230,-52.019,-59.871,-36.489,-40.075,-43.159,-44.969,9.535,4.845,-8.860,-14.902
535.0,-24.789,-34.123,-51.666,-59.389,-38.932,-43.142,-46.190,-47.367,14.143,9.019,-5.476,-12.021
536.0,-22.312,-31.966,-49.327,-57.217,-38.304,-43.047,-47.063,-46.660,15.992,11.081,-2.263,-10.557
537.0,-21.915,-31.623,-47.961,-55.441,-39.398,-42.305,-46.961,-47.783,17.482,10.682,-1.000,-7.657
538.0,-24.174,-30.910,-45.992,-53.388,-34.832,-40.288,-41.579,-43.245,10.658,9.378,-4.414,-10.143
539.0,-24.086,-31.241,-45.878,-53.672,-36.687,-38.998,-43.429,-45.115,12.601,7.757,-2.449,-8.556
540.0,-22.722,-31.603,-46.676,-54.128,-29.809,-34.113,-36.657,-38.211,7.088,2.510,-10.019,-15.918
541.0,-24.280,-31.035,-41.777,-51.122,-32.368,-36.416,-40.774,-40.711,8.088,5.382,-1.003,-10.411
542.0,-27.533,-34.133,-44.665,-53.638,-30.005,-34.161,-36.907,-38.430,2.472,0.028,-7.758,-15.208
543.0,-23.158,-31.738,-45.777,-53.115,-29.761,-33.651,-36.664,-38.153,6.603,1.912,-9.114,-14.962
544.0,-23.464,-30.967,-42.805,-50.884,-25.560,-31.189,-32.463,-33.984,2.096,0.222,-10.342,-16.900
545.0,-22.820,-30.195,-43.280,-49.652,-26.847,-31.481,-34.059,-35.226,4.027,1.286,-9.221,-14.426
546.0,-22.761,-30.672,-42.609,-48.926,-28.381,-31.789,-36.459,-36.710,5.620,1.117,-6.150,-12.216
547.0,-21.933,-31.292,-44.277,-50.370,-28.898,-31.050,-35.622,-37.313,6.965,-0.242,-8.655,-13.056
548.0,-22.181,-29.075,-42.321,-48.162,-25.862,-30.350,-32.923,-34.263,3.681,1.275,-9.399,-13.899
549.0,-21.170,-27.097,-41.131,-46.916,-24.828,-29.288,-28.762,-33.463,3.659,2.191,-12.368,-13.453
550.0,-20.094,-28.116,-42.467,-48.238,-28.283,-32.842,-32.613,-36.857,8.189,4.726,-9.854,-11.381
551.0,-20.751,-30.379,-42.975,-48.658,-25.973,-31.075,-32.242,-34.403,5.222,0.696,-10.733,-14.255
552.0,-17.895,-27.384,-41.604,-47.344,-25.469,-29.382,-30.656,-33.913,7.574,1.998,-10.948,-13.431
553.0,-17.410,-26.529,-39.613,-45.605,-26.192,-29.314,-31.546,-34.633,8.782,2.785,-8.067,-10.972
554.0,-17.089,-26.465,-39.271,-45.091,-24.840,-29.187,-31.230,-33.275,7.751,2.723,-8.042,-11.816
555.0,-18.515,-25.963,-38.574,-44.544,-24.783,-29.385,-31.379,-33.307,6.268,3.422,-7.194,-11.237
556.0,-21.770,-30.817,-43.791,-49.888,-22.572,-26.033,-30.504,-30.959,0.802,-4.784,-13.287,-18.929
557.0,-19.522,-29.744,-44.273,-51.299,-24.997,-28.077,-31.748,-33.384,5.475,-1.667,-12.525,-17.915
558.0,-19.197,-28.463,-36.899,-45.251,-24.179,-27.610,-30.841,-32.636,4.982,-0.852,-6.058,-12.615
559.0,-20.085,-27.157,-35.334,-46.720,-24.226,-28.392,-31.363,-32.640,4.140,1.235,-3.971,-14.081
560.0,-19.278,-27.910,-38.653,-46.382,-20.310,-25.271,-26.822,-28.785,1.032,-2.639,-11.830,-17.597
561.0,-21.242,-29.677,-40.602,-48.001,-24.752,-27.689,-31.439,-33.178,3.510,-1.987,-9.163,-14.823
562.0,-20.591,-29.598,-39.816,-48.306,-20.793,-24.835,-27.119,-29.237,0.201,-4.763,-12.697,-19.069
563.0,-20.730,-29.750,-40.798,-48.675,-21.933,-24.487,-28.547,-30.419,1.203,-5.263,-12.251,-18.256
564.0,-21.830,-28.354,-35.645,-48.065,-25.788,-29.446,-32.542,-34.262,3.958,1.092,-3.103,-13.803
565.0,-20.172,-29.293,-41.998,-49.537,-24.110,-28.174,-30.892,-32.621,3.938,-1.119,-11.106,-16.916
566.0,-22.074,-31.519,-45.802,-54.636,-24.626,-27.567,-31.049,-32.972,2.552,-3.952,-14.752,-21.664
567.0,-20.732,-29.318,-39.136,-46.950,-21.490,-27.212,-29.795,-29.817,0.758,-2.106,-9.341,-17.133
568.0,-20.156,-29.209,-39.457,-47.618,-21.652,-27.122,-28.983,-30.069,1.496,-2.087,-10.474,-17.549
569.0,-21.931,-28.162,-34.974,-47.872,-24.308,-28.186,-30.046,-32.863,2.376,0.024,-4.928,-15.009
570.0,-21.932,-29.434,-39.274,-47.295,-24.050,-27.876,-31.024,-32.408,2.118,-1.558,-8.251,-14.887
571.0,-20.466,-29.258,-40.233,-47.063,-22.481,-27.583,-30.914,-30.803,2.016,-1.675,-9.319,-16.259
572.0,-21.548,-29.339,-39.542,-48.386,-26.634,-30.607,-33.561,-35.100,5.086,1.267,-5.981,-13.285
573.0,-20.128,-29.299,-41.776,-49.268,-24.929,-28.539,-30.485,-33.393,4.802,-0.759,-11.291,-15.875
574.0,-19.643,-27.083,-35.728,-46.720,-26.499,-30.161,-33.317,-34.936,6.856,3.077,-2.410,-11.784
575.0,-20.731,-29.417,-42.309,-48.830,-23.378,-26.885,-30.019,-31.761,2.647,-2.532,-12.290,-17.069
576.0,-20.362,-30.440,-43.556,-51.012,-21.587,-26.704,-29.774,-29.918,1.226,-3.736,-13.782,-21.094
577.0,-21.851,-30.083,-44.260,-51.280,-27.046,-31.281,-34.015,-35.530,5.195,1.197,-10.245,-15.751
578.0,-23.213,-30.848,-37.557,-44.098,-23.334,-28.874,-31.899,-31.682,0.121,-1.974,-5.658,-12.416
579.0,-23.072,-29.497,-37.368,-46.665,-23.725,-27.878,-29.639,-32.293,0.652,-1.619,-7.729,-14.373
580.0,-20.359,-28.009,-36.945,-45.398,-24.375,-27.934,-31.309,-32.681,4.016,-0.075,-5.636,-12.717
581.0,-22.768,-30.830,-44.041,-51.900,-24.404,-27.982,-31.070,-32.843,1.637,-2.848,-12.972,-19.056
582.0,-21.847,-31.058,-41.803,-49.915,-22.595,-27.887,-31.558,-30.896,0.748,-3.171,-10.245,-19.019
583.0,-23.037,-32.132,-41.539,-49.491,-24.603,-27.882,-30.225,-33.074,1.566,-4.250,-11.315,-16.417
584.0,-24.402,-31.685,-37.998,-49.509,-24.807,-29.092,-31.750,-33.223,0.405,-2.593,-6.248,-16.286
585.0,-21.341,-29.773,-38.496,-49.804,-24.732,-28.086,-31.109,-33.484,3.391,-1.688,-7.387,-16.320
586.0,-24.809,-32.104,-46.793,-53.445,-26.431,-30.126,-32.525,-34.969,1.622,-1.978,-14.268,-18.476
587.0,-23.637,-30.465,-40.776,-48.809,-26.428,-28.883,-32.215,-34.721,2.791,-1.583,-8.561,-14.088
588.0,-22.883,-29.606,-40.302,-48.506,-24.361,-27.188,-30.615,-32.688,1.478,-2.418,-9.686,-15.819
589.0,-23.113,-28.937,-36.733,-49.592,-25.157,-29.452,-32.723,-33.614,2.045,0.515,-4.010,-15.978
590.0,-21.584,-30.022,-39.522,-49.086,-24.742,-29.474,-31.758,-33.174,3.158,-0.548,-7.764,-15.912
591.0,-20.215,-29.966,-42.782,-51.199,-25.673,-29.719,-31.658,-34.347,5.458,-0.246,-11.124,-16.852
592.0,-22.968,-31.179,-41.961,-51.158,-27.095,-31.102,-33.259,-35.582,4.127,-0.077,-8.702,-15.576
593.0,-23.800,-31.491,-44.079,-52.109,-27.024,-30.468,-32.950,-35.647,3.224,-1.023,-11.129,-16.462
594.0,-22.426,-31.117,-42.816,-49.917,-27.280,-31.304,-34.309,-35.672,4.855,0.187,-8.507,-14.245
595.0,-22.188,-30.650,-43.269,-49.957,-25.556,-29.759,-32.614,-34.141,3.368,-0.891,-10.655,-15.816
596.0,-24.603,-34.280,-46.376,-54.855,-22.031,-27.298,-31.229,-30.385,-2.571,-6.982,-15.147,-24.470
597.0,-22.493,-32.716,-45.201,-53.197,-26.601,-30.429,-34.059,-35.014,4.108,-2.287,-11.142,-18.183
598.0,-22.615,-31.051,-41.287,-48.629,-24.063,-29.228,-32.281,-32.434,1.449,-1.823,-9.006,-16.195
599.0,-21.718,-28.432,-34.936,-47.758,-24.585,-29.299,-31.275,-33.069,2.867,0.867,-3.662,-14.688
600.0,-19.156,-28.557,-39.438,-48.579,-26.427,-29.758,-33.091,-34.851,7.271,1.201,-6.347,-13.728
601.0,-21.459,-30.002,-42.981,-50.415,-25.375,-30.107,-31.547,-33.899,3.915,0.104,-11.434,-16.516
602.0,-20.128,-27.849,-37.417,-46.251,-26.684,-31.062,-32.166,-35.137,6.556,3.213,-5.251,-11.114
603.0,-17.800,-27.204,-36.854,-44.615,-26.188,-29.506,-31.847,-34.680,8.388,2.301,-5.007,-9.936
604.0,-18.480,-26.609,-34.982,-45.070,-27.648,-32.171,-34.819,-36.082,9.168,5.562,-0.164,-8.988
605.0,-19.707,-29.076,-37.957,-48.812,-25.907,-29.745,-31.254,-34.458,6.200,0.669,-6.703,-14.354
606.0,-17.823,-27.445,-40.551,-47.247,-23.149,-28.968,-30.707,-31.519,5.326,1.523,-9.844,-15.728
607.0,-17.099,-25.677,-33.894,-45.683,-24.062,-29.664,-31.644,-32.469,6.963,3.987,-2.250,-13.214
608.0,-20.875,-28.384,-35.837,-43.713,-24.531,-28.656,-31.280,-32.848,3.656,0.272,-4.556,-10.865
609.0,-20.000,-29.106,-40.237,-47.128,-24.837,-29.023,-31.741,-33.286,4.838,-0.084,-8.496,-13.842
610.0,-21.386,-29.613,-36.879,-43.908,-23.512,-26.760,-30.636,-31.760,2.127,-2.853,-6.244,-12.148
611.0,-24.527,-31.283,-37.452,-45.484,-20.601,-26.374,-28.003,-28.993,-3.926,-4.909,-9.449,-16.491
612.0,-22.498,-30.199,-39.790,-49.321,-20.100,-25.685,-27.951,-28.432,-2.398,-4.515,-11.839,-20.888
613.0,-24.227,-31.708,-43.754,-54.638,-23.224,-27.823,-30.093,-31.706,-1.002,-3.885,-13.661,-22.932
614.0,-24.000,-33.260,-47.913,-57.163,-22.260,-26.815,-29.055,-30.689,-1.740,-6.446,-18.858,-26.474
615.0,-31.950,-39.544,-55.060,-64.299,-20.066,-26.296,-28.725,-28.415,-11.884,-13.247,-26.335,-35.884
616.0,-25.443,-36.360,-49.724,-57.362,-23.044,-27.136,-29.317,-31.339,-2.400,-9.224,-20.406,-26.023
617.0,-25.473,-32.412,-46.048,-53.037,-22.575,-27.287,-28.833,-31.044,-2.898,-5.126,-17.215,-21.993
618.0,-30.900,-39.515,-52.826,-62.744,-25.312,-29.306,-31.064,-33.682,-5.588,-10.209,-21.763,-29.062
619.0,-35.291,-44.821,-60.639,-70.865,-24.499,-28.839,-31.221,-32.839,-10.792,-15.982,-29.419,-38.027
620.0,-36.991,-47.676,-65.669,-76.199,-25.381,-29.839,-32.906,-33.736,-11.611,-17.837,-32.764,-42.463
621.0,-44.476,-53.073,-75.506,-85.467,-26.517,-30.761,-30.904,-35.148,-17.959,-22.312,-44.601,-50.319
622.0,-46.918,-57.451,-78.758,-87.668,-29.100,-32.314,-35.101,-37.575,-17.818,-25.137,-43.657,-50.093
623.0,-33.398,-38.762,-53.659,-59.664,-37.448,-39.592,-42.852,-46.054,4.050,0.830,-10.807,-13.610
624.0,-29.465,-35.306,-50.507,-56.212,-28.494,-32.402,-35.290,-37.016,-0.971,-2.904,-15.217,-19.197
625.0,-32.176,-39.578,-55.914,-62.580,-30.648,-32.716,-35.961,-39.144,-1.528,-6.861,-19.953,-23.436
626.0,-44.025,-49.667,-68.223,-77.468,-36.102,-39.826,-41.262,-44.643,-7.924,-9.842,-26.960,-32.825
627.0,-33.906,-44.589,-62.601,-70.369,-40.192,-44.501,-46.785,-48.679,6.286,-0.088,-15.817,-21.690
628.0,-31.135,-42.650,-61.751,-72.470,-43.102,-46.761,-49.878,-51.583,11.967,4.111,-11.873,-20.888
629.0,-39.042,-49.683,-67.383,-83.025,-50.194,-53.078,-56.980,-58.651,11.152,3.394,-10.403,-24.375
630.0,-61.013,-70.921,-84.785,-88.995,-53.195,-58.096,-59.778,-61.667,-7.818,-12.825,-25.007,-27.328
631.0,-32.675,-42.619,-57.661,-65.938,-36.726,-36.321,-42.572,-45.293,4.052,-6.297,-15.089,-20.645
632.0,-29.351,-39.083,-55.036,-65.689,-32.892,-34.243,-38.913,-41.401,3.541,-4.839,-16.122,-24.287
633.0,-27.123,-36.721,-53.578,-65.099,-37.846,-40.672,-44.250,-46.311,10.723,3.951,-9.329,-18.787
634.0,-26.225,-36.390,-52.794,-63.761,-53.222,-56.068,-60.750,-61.704,26.997,19.678,7.956,-2.057
635.0,-27.204,-38.493,-53.521,-65.188,-37.260,-42.814,-43.849,-45.792,10.056,4.321,-9.671,-19.397
636.0,-27.034,-35.911,-52.336,-61.988,-36.874,-41.433,-43.408,-45.396,9.840,5.521,-8.928,-16.592
637.0,-27.626,-37.765,-54.426,-64.917,-45.618,-50.531,-53.035,-54.065,17.992,12.766,-1.391,-10.852
638.0,-31.060,-40.801,-57.454,-67.230,-51.492,-55.436,-58.436,-59.881,20.432,14.635,0.983,-7.349
639.0,-32.267,-41.864,-59.354,-70.714,-36.894,-39.814,-43.345,-45.288,4.627,-2.050,-16.009,-25.426
640.0,-31.257,-42.642,-60.850,-75.673,-34.313,-37.704,-41.098,-42.779,3.056,-4.938,-19.752,-32.894
641.0,-30.360,-38.488,-55.609,-65.229,-31.683,-35.681,-38.424,-40.173,1.323,-2.807,-17.185,-25.056
642.0,-30.918,-36.666,-43.535,-59.707,-30.608,-35.421,-37.120,-39.110,-0.310,-1.245,-6.414,-20.597
643.0,-41.676,-45.810,-51.816,-65.158,-32.190,-36.532,-38.750,-40.674,-9.486,-9.278,-13.066,-24.484
644.0,-48.095,-54.294,-57.646,-70.100,-30.083,-34.224,-37.605,-38.513,-18.012,-20.070,-20.042,-31.587
645.0,-61.611,-69.343,-73.399,-85.239,-32.775,-37.388,-39.992,-41.261,-28.836,-31.955,-33.407,-43.978
646.0,-63.493,-78.182,-86.723,-89.201,-36.711,-39.891,-43.627,-45.177,-26.782,-38.291,-43.096,-44.024
647.0,-64.501,-79.445,-87.639,-89.205,-36.980,-40.947,-43.779,-45.433,-27.521,-38.498,-43.860,-43.772
648.0,-49.481,-55.894,-67.704,-84.728,-37.040,-41.840,-44.542,-45.456,-12.441,-14.054,-23.162,-39.272
649.0,-36.778,-43.550,-58.985,-72.650,-32.938,-37.293,-40.762,-41.322,-3.840,-6.258,-18.223,-31.328
650.0,-36.010,-44.704,-59.741,-76.675,-29.877,-37.208,-39.557,-38.150,-6.133,-7.495,-20.184,-38.524
651.0,-30.884,-41.095,-57.503,-69.097,-38.525,-45.349,-48.796,-46.921,7.642,4.254,-8.706,-22.176
652.0,-31.612,-40.525,-56.042,-66.455,-55.233,-55.597,-61.627,-63.857,23.621,15.072,5.586,-2.598
653.0,-34.485,-43.627,-58.263,-69.417,-61.499,-66.406,-71.865,-69.873,27.014,22.778,13.602,0.456
654.0,-30.370,-38.047,-51.852,-61.830,-70.560,-68.370,-77.474,-78.849,40.189,30.324,25.622,17.019
655.0,-28.810,-35.310,-49.616,-58.607,-72.206,-69.352,-79.020,-80.438,43.395,34.042,29.404,21.830
656.0,-24.356,-33.515,-49.440,-57.348,-53.845,-53.563,-52.792,-62.640,29.489,20.049,3.352,5.292
657.0,-28.049,-35.326,-52.116,-59.392,-38.676,-41.510,-43.015,-47.266,10.627,6.184,-9.101,-12.126
658.0,-26.617,-35.674,-52.195,-60.451,-37.674,-42.469,-43.696,-46.122,11.057,6.795,-8.498,-14.329
659.0,-25.340,-35.730,-51.099,-60.246,-33.189,-38.649,-38.934,-41.732,7.849,2.920,-12.166,-18.514
660.0,-28.336,-37.579,-52.202,-62.763,-37.288,-42.208,-43.214,-45.725,8.952,4.629,-8.988,-17.038
661.0,-29.679,-39.367,-54.553,-65.671,-35.426,-39.640,-42.742,-43.855,5.747,0.273,-11.811,-21.816
662.0,-30.057,-39.578,-54.736,-64.015,-31.806,-35.382,-38.250,-40.286,1.749,-4.196,-16.486,-23.729
663.0,-25.581,-36.720,-49.976,-58.074,-28.570,-33.831,-36.232,-36.936,2.989,-2.889,-13.744,-21.138
664.0,-21.794,-31.478,-44.877,-51.515,-28.568,-33.777,-35.691,-36.954,6.775,2.299,-9.186,-14.561
665.0,-23.102,-31.643,-45.890,-51.945,-33.927,-36.702,-40.376,-42.360,10.825,5.059,-5.513,-9.585
666.0,-27.085,-37.157,-51.810,-59.920,-29.156,-33.254,-36.097,-37.620,2.071,-3.903,-15.712,-22.300
667.0,-26.927,-37.353,-50.782,-59.989,-30.254,-35.642,-37.529,-38.704,3.326,-1.710,-13.253,-21.285
668.0,-24.640,-34.160,-48.837,-57.726,-32.612,-36.731,-39.336,-41.068,7.971,2.571,-9.501,-16.658
669.0,-23.574,-32.936,-47.546,-56.484,-35.908,-39.528,-42.655,-44.377,12.334,6.592,-4.891,-12.107
670.0,-22.825,-31.049,-46.140,-54.745,-31.883,-35.980,-39.049,-40.353,9.058,4.931,-7.090,-14.393
671.0,-23.648,-31.934,-46.291,-53.181,-29.638,-34.201,-36.805,-38.143,5.990,2.266,-9.486,-15.039
672.0,-23.920,-32.332,-44.799,-52.550,-24.619,-28.933,-30.931,-33.096,0.699,-3.400,-13.867,-19.454
673.0,-21.845,-30.345,-42.636,-50.705,-30.006,-34.324,-36.107,-38.470,8.161,3.978,-6.529,-12.235
674.0,-22.829,-31.028,-43.049,-50.975,-31.983,-35.607,-38.858,-40.445,9.154,4.580,-4.191,-10.530
675.0,-21.677,-31.562,-45.581,-53.653,-30.396,-35.423,-37.000,-38.848,8.720,3.861,-8.581,-14.806
676.0,-18.738,-28.317,-41.905,-49.646,-27.449,-32.177,-34.841,-35.858,8.711,3.860,-7.064,-13.788
677.0,-18.921,-28.651,-40.712,-47.194,-26.959,-31.832,-34.972,-35.364,8.038,3.181,-5.740,-11.831
678.0,-18.792,-28.501,-40.570,-48.129,-25.143,-30.032,-32.966,-33.520,6.352,1.532,-7.603,-14.609
679.0,-24.669,-34.056,-44.208,-56.549,-27.227,-31.158,-34.427,-35.650,2.558,-2.898,-9.781,-20.899
680.0,-27.918,-37.088,-44.951,-59.050,-25.714,-30.822,-32.617,-34.138,-2.204,-6.266,-12.335,-24.913
681.0,-26.446,-36.848,-51.311,-61.150,-24.926,-28.768,-30.339,-33.418,-1.520,-8.080,-20.972,-27.731
682.0,-25.777,-35.276,-48.454,-57.816,-25.012,-29.700,-31.488,-33.484,-0.765,-5.576,-16.966,-24.332
683.0,-22.661,-31.762,-44.075,-52.978,-24.625,-29.567,-31.476,-33.084,1.964,-2.195,-12.599,-19.894
684.0,-20.946,-30.731,-44.536,-53.160,-22.741,-27.712,-29.708,-31.171,1.795,-3.020,-14.828,-21.989
685.0,-21.615,-32.307,-49.605,-58.555,-21.481,-26.541,-28.500,-29.948,-0.134,-5.767,-21.105,-28.607
686.0,-25.090,-34.373,-45.866,-54.436,-23.637,-27.945,-30.505,-32.106,-1.453,-6.428,-15.361,-22.330
687.0,-21.149,-29.741,-42.533,-50.226,-28.470,-33.638,-35.917,-36.874,7.321,3.897,-6.616,-13.352
688.0,-18.152,-26.760,-39.696,-46.779,-30.981,-35.624,-38.345,-39.390,12.828,8.864,-1.351,-7.389
689.0,-17.922,-26.808,-39.085,-45.988,-30.180,-35.339,-37.636,-38.541,12.257,8.531,-1.449,-7.446
690.0,-17.437,-26.527,-38.780,-45.761,-28.488,-32.896,-34.424,-36.916,11.051,6.369,-4.356,-8.846
691.0,-18.720,-26.809,-38.502,-45.858,-25.361,-30.405,-31.119,-33.895,6.642,3.595,-7.382,-11.963
692.0,-19.563,-26.113,-34.085,-43.627,-24.349,-29.736,-31.062,-32.816,4.787,3.624,-3.023,-10.811
693.0,-20.486,-26.459,-32.895,-44.510,-27.447,-32.803,-34.113,-35.866,6.962,6.344,1.218,-8.644
694.0,-21.658,-27.065,-29.952,-38.857,-27.645,-31.580,-33.357,-36.136,5.987,4.515,3.405,-2.721
695.0,-20.879,-26.481,-30.198,-38.381,-22.827,-27.681,-29.900,-31.263,1.949,1.200,-0.297,-7.118
696.0,-15.605,-24.447,-36.869,-44.176,-21.070,-25.803,-27.940,-29.469,5.465,1.356,-8.929,-14.707
697.0,-15.652,-26.108,-37.757,-43.819,-21.135,-25.460,-27.991,-29.536,5.484,-0.648,-9.766,-14.283
698.0,-13.201,-23.222,-37.735,-43.313,-21.195,-25.663,-28.218,-29.634,7.994,2.441,-9.517,-13.679
699.0,-13.868,-23.940,-36.509,-42.018,-19.965,-24.975,-27.661,-28.346,6.097,1.035,-8.848,-13.672
700.0,-12.958,-22.498,-36.346,-41.987,-20.097,-25.070,-28.320,-28.439,7.139,2.572,-8.026,-13.548
701.0,-15.236,-24.724,-37.992,-43.410,-20.429,-25.682,-27.290,-28.879,5.193,0.958,-10.702,-14.531
702.0,-18.195,-26.593,-37.258,-43.476,-20.417,-24.512,-26.698,-29.161,2.222,-2.081,-10.560,-14.315
703.0,-19.420,-25.982,-38.444,-44.525,-20.660,-25.308,-27.565,-29.029,1.240,-0.675,-10.879,-15.497
704.0,-28.310,-33.359,-46.407,-50.873,-17.996,-23.302,-25.000,-26.440,-10.314,-10.057,-21.407,-24.433
705.0,-22.478,-31.608,-45.761,-50.685,-20.490,-25.492,-27.468,-28.928,-1.988,-6.116,-18.293,-21.757
706.0,-25.402,-34.527,-45.304,-53.667,-17.851,-23.088,-24.565,-26.274,-7.551,-11.439,-20.739,-27.393
707.0,-23.640,-32.448,-43.993,-51.710,-18.172,-22.542,-24.953,-26.611,-5.468,-9.906,-19.040,-25.099
708.0,-27.199,-35.285,-47.288,-54.846,-17.775,-22.013,-24.363,-26.195,-9.424,-13.272,-22.925,-28.651
709.0,-30.264,-37.038,-50.700,-58.872,-20.546,-24.303,-27.100,-28.993,-9.718,-12.734,-23.599,-29.879
710.0,-27.272,-34.402,-48.484,-55.659,-19.491,-24.836,-25.717,-27.951,-7.781,-9.566,-22.767,-27.708
711.0,-27.606,-35.269,-51.738,-59.212,-23.978,-27.103,-30.240,-32.463,-3.628,-8.166,-21.498,-26.749
712.0,-30.364,-38.828,-53.955,-60.436,-28.470,-31.080,-34.719,-36.985,-1.894,-7.747,-19.235,-23.451
713.0,-29.243,-37.451,-53.406,-61.657,-27.939,-32.194,-34.505,-36.463,-1.304,-5.257,-18.901,-25.194
714.0,-29.331,-38.295,-55.530,-62.329,-26.200,-32.536,-35.321,-34.470,-3.131,-5.759,-20.208,-27.859
715.0,-29.404,-36.804,-51.584,-59.720,-29.014,-32.271,-36.197,-37.300,-0.389,-4.533,-15.387,-22.420
716.0,-27.974,-36.687,-51.572,-60.056,-32.078,-35.132,-39.160,-40.495,4.105,-1.555,-12.412,-19.561
717.0,-27.229,-37.211,-52.337,-62.588,-32.770,-36.448,-39.960,-41.248,5.541,-0.763,-12.377,-21.340
718.0,-25.734,-34.635,-50.165,-56.546,-27.323,-33.077,-36.905,-35.645,1.588,-1.559,-13.260,-20.901
719.0,-27.568,-36.746,-51.893,-59.874,-31.222,-36.593,-38.286,-39.612,3.654,-0.153,-13.607,-20.263
720.0,-29.112,-35.360,-48.210,-57.839,-28.489,-37.492,-36.222,-36.778,-0.623,2.132,-11.988,-21.060
721.0,-32.315,-38.789,-50.389,-62.371,-32.908,-39.758,-40.301,-41.256,0.592,0.969,-10.089,-21.115
722.0,-30.076,-37.157,-53.166,-61.768,-31.462,-36.492,-37.546,-39.929,1.386,-0.666,-15.620,-21.839
723.0,-33.101,-40.604,-56.669,-65.977,-32.370,-36.078,-38.364,-40.850,-0.731,-4.526,-18.305,-25.126
724.0,-33.117,-39.604,-57.661,-67.832,-31.217,-35.842,-38.299,-39.681,-1.900,-3.762,-19.362,-28.150
725.0,-32.204,-42.037,-58.268,-69.947,-31.049,-36.281,-38.459,-39.477,-1.155,-5.756,-19.809,-30.471
726.0,-33.277,-40.472,-55.269,-66.737,-27.686,-34.241,-34.476,-36.080,-5.592,-6.231,-20.793,-30.657
727.0,-31.804,-38.457,-52.935,-63.225,-30.546,-35.341,-36.665,-39.004,-1.258,-3.116,-16.269,-24.222
728.0,-32.580,-39.831,-54.461,-65.406,-30.828,-35.403,-39.300,-39.092,-1.752,-4.428,-15.162,-26.313
729.0,-29.052,-37.438,-55.714,-65.689,-33.581,-37.620,-41.527,-41.906,4.529,0.182,-14.187,-23.783
730.0,-30.001,-38.001,-54.315,-62.735,-31.782,-37.763,-38.143,-40.134,1.781,-0.238,-16.172,-22.600
731.0,-25.787,-35.609,-52.358,-60.940,-34.382,-39.886,-41.425,-42.733,8.595,4.277,-10.933,-18.207
732.0,-27.727,-36.931,-52.355,-60.002,-39.413,-41.030,-44.706,-47.886,11.686,4.099,-7.649,-12.116
733.0,-25.050,-33.858,-47.655,-57.314,-34.536,-39.324,-39.971,-43.036,9.486,5.466,-7.684,-14.277
734.0,-29.710,-36.435,-49.807,-59.165,-36.340,-39.576,-42.171,-44.726,6.630,3.141,-7.636,-14.439
735.0,-25.340,-32.195,-44.720,-55.105,-32.019,-36.899,-38.867,-40.464,6.679,4.704,-5.852,-14.641
736.0,-29.050,-35.265,-49.142,-59.013,-34.365,-39.474,-42.191,-42.735,5.315,4.209,-6.951,-16.277
737.0,-25.933,-33.224,-47.486,-55.803,-31.556,-36.705,-39.369,-39.928,5.623,3.481,-8.118,-15.875
738.0,-20.995,-29.689,-45.044,-52.565,-30.610,-36.475,-38.245,-38.969,9.615,6.786,-6.799,-13.596
739.0,-23.204,-32.130,-48.646,-56.742,-30.051,-35.480,-36.664,-38.464,6.847,3.350,-11.981,-18.278
740.0,-27.253,-35.854,-52.081,-59.019,-30.087,-35.106,-36.768,-38.538,2.835,-0.748,-15.313,-20.480
741.0,-29.457,-38.161,-55.760,-65.584,-27.669,-33.351,-35.464,-36.049,-1.788,-4.810,-20.295,-29.535
742.0,-31.231,-40.558,-59.448,-71.316,-29.999,-33.076,-34.658,-38.612,-1.232,-7.482,-24.790,-32.704
743.0,-29.145,-38.858,-51.081,-65.032,-28.604,-32.324,-34.116,-37.143,-0.541,-6.535,-16.965,-27.889
744.0,-33.964,-42.089,-56.822,-70.468,-29.572,-34.675,-36.884,-37.936,-4.392,-7.414,-19.939,-32.532
745.0,-30.058,-39.052,-51.357,-66.737,-28.182,-31.944,-35.133,-36.603,-1.876,-7.108,-16.224,-30.135
746.0,-28.496,-36.200,-52.137,-63.025,-23.440,-28.847,-31.410,-31.814,-5.056,-7.353,-20.727,-31.211
747.0,-30.408,-39.113,-56.873,-66.685,-27.937,-33.459,-35.214,-36.313,-2.471,-5.654,-21.658,-30.372
748.0,-29.233,-38.629,-54.087,-65.857,-30.390,-35.796,-37.082,-38.800,1.157,-2.833,-17.004,-27.057
749.0,-27.321,-35.786,-50.372,-58.982,-32.949,-37.315,-39.713,-41.385,5.628,1.529,-10.659,-17.597
750.0,-26.676,-36.121,-50.451,-61.771,-35.917,-40.490,-42.541,-44.369,9.241,4.369,-7.909,-17.402
751.0,-32.127,-38.933,-49.384,-63.907,-32.909,-38.207,-39.592,-41.381,0.782,-0.726,-9.792,-22.526
752.0,-32.818,-37.477,-43.449,-54.760,-35.536,-40.730,-43.080,-43.938,2.719,3.253,-0.369,-10.822
753.0,-30.290,-36.160,-43.472,-55.133,-32.207,-37.129,-39.314,-40.576,1.917,0.968,-4.159,-14.557
754.0,-34.132,-40.258,-49.217,-64.371,-31.378,-34.866,-38.468,-39.790,-2.754,-5.392,-10.749,-24.580
755.0,-34.220,-40.164,-54.563,-68.172,-34.715,-38.890,-41.247,-43.184,0.495,-1.273,-13.315,-24.988
756.0,-31.586,-38.666,-52.679,-63.281,-32.824,-36.907,-39.618,-41.263,1.238,-1.759,-13.061,-22.018
757.0,-25.327,-34.451,-49.067,-57.063,-29.868,-34.284,-36.899,-38.306,4.542,-0.167,-12.168,-18.757
758.0,-25.543,-32.982,-46.437,-54.295,-31.876,-35.930,-38.838,-40.355,6.333,2.948,-7.598,-13.941
759.0,-23.213,-33.513,-45.416,-53.533,-33.197,-37.711,-38.404,-41.793,9.984,4.199,-7.011,-11.741
760.0,-25.328,-32.349,-46.320,-53.723,-30.929,-35.965,-38.776,-39.510,5.600,3.616,-7.544,-14.213
761.0,-23.791,-31.728,-45.770,-52.842,-31.315,-35.832,-36.576,-39.849,7.525,4.104,-9.194,-12.993
762.0,-23.986,-31.856,-46.157,-53.152,-34.836,-38.534,-40.945,-43.463,10.849,6.679,-5.212,-9.689
763.0,-21.764,-30.742,-43.337,-50.843,-34.767,-39.123,-42.346,-43.074,13.002,8.381,-0.991,-7.768
764.0,-20.678,-29.004,-40.853,-48.740,-30.810,-34.958,-37.891,-39.244,10.133,5.954,-2.962,-9.496
765.0,-22.447,-29.452,-41.515,-48.100,-28.884,-33.888,-35.184,-37.290,6.436,4.437,-6.331,-10.810
766.0,-23.691,-30.288,-41.421,-48.475,-26.913,-31.533,-34.250,-35.330,3.221,1.245,-7.171,-13.145
767.0,-23.572,-30.505,-41.093,-47.933,-26.308,-32.276,-33.674,-34.688,2.736,1.771,-7.419,-13.245
768.0,-23.883,-32.219,-43.747,-50.725,-28.861,-32.192,-35.699,-37.355,4.978,-0.027,-8.049,-13.371
769.0,-22.261,-31.058,-42.843,-51.024,-25.388,-30.278,-32.328,-33.808,3.127,-0.780,-10.515,-17.216
770.0,-23.139,-30.476,-45.146,-52.537,-26.045,-30.961,-32.786,-34.493,2.907,0.485,-12.360,-18.044
771.0,-23.427,-32.239,-45.295,-52.827,-24.092,-29.667,-31.004,-32.505,0.665,-2.573,-14.291,-20.321
772.0,-21.804,-30.824,-46.706,-54.306,-23.220,-28.481,-30.314,-31.657,1.416,-2.343,-16.392,-22.649
773.0,-24.155,-34.642,-49.369,-57.645,-23.767,-28.708,-30.829,-32.189,-0.388,-5.934,-18.541,-25.456
774.0,-22.774,-32.473,-45.932,-53.274,-23.940,-28.502,-29.940,-32.344,1.167,-3.972,-15.993,-20.930
775.0,-23.266,-33.593,-44.032,-50.869,-25.767,-29.634,-30.777,-34.297,2.502,-3.959,-13.255,-16.572
776.0,-26.302,-35.161,-49.086,-56.952,-26.071,-30.575,-32.824,-34.507,-0.231,-4.586,-16.262,-22.446
777.0,-22.764,-31.739,-44.256,-50.462,-26.428,-30.318,-32.949,-34.932,3.664,-1.420,-11.307,-15.530
778.0,-26.038,-35.765,-49.836,-58.164,-25.587,-29.684,-32.904,-34.004,-0.451,-6.082,-16.932,-24.161
779.0,-23.932,-33.876,-47.253,-55.419,-24.666,-31.716,-32.132,-32.994,0.735,-2.160,-15.122,-22.424
780.0,-21.611,-31.635,-46.588,-53.273,-26.050,-30.849,-32.851,-34.501,4.439,-0.786,-13.737,-18.772
781.0,-23.389,-33.352,-47.354,-54.692,-28.591,-33.407,-35.379,-37.068,5.202,0.055,-11.974,-17.624
782.0,-24.707,-32.359,-42.802,-48.680,-26.213,-30.808,-33.392,-34.655,1.506,-1.551,-9.409,-14.025
783.0,-22.507,-30.905,-44.106,-50.786,-28.969,-33.382,-36.531,-37.352,6.462,2.478,-7.575,-13.433
784.0,-22.449,-31.794,-45.352,-52.439,-27.445,-32.897,-34.713,-35.872,4.996,1.104,-10.639,-16.567
785.0,-21.984,-30.851,-43.908,-50.664,-26.830,-31.219,-33.866,-35.279,4.846,0.368,-10.042,-15.384
786.0,-21.856,-29.448,-41.873,-48.810,-30.372,-34.448,-37.679,-38.779,8.516,4.999,-4.194,-10.031
787.0,-22.997,-31.737,-43.769,-51.926,-27.146,-32.373,-34.009,-35.571,4.149,0.635,-9.760,-16.355
788.0,-18.764,-27.755,-40.662,-47.823,-25.642,-30.388,-32.410,-34.101,6.878,2.633,-8.251,-13.722
789.0,-18.956,-28.686,-38.489,-47.528,-28.926,-32.905,-35.494,-37.443,9.970,4.219,-2.995,-10.085
790.0,-20.124,-28.186,-36.935,-45.462,-25.726,-30.252,-32.948,-34.376,5.602,2.066,-3.987,-11.086
791.0,-19.467,-27.171,-32.618,-40.592,-25.182,-29.715,-32.944,-33.571,5.715,2.544,0.326,-7.021
792.0,-17.923,-26.617,-33.771,-43.787,-25.859,-31.139,-33.026,-34.242,7.936,4.522,-0.745,-9.545
793.0,-17.680,-26.121,-34.091,-43.228,-25.319,-29.064,-31.482,-33.825,7.638,2.943,-2.608,-9.403
794.0,-17.083,-26.811,-36.807,-45.578,-26.846,-29.879,-32.652,-35.297,9.762,3.068,-4.155,-10.281
795.0,-17.843,-26.469,-35.985,-45.493,-23.367,-28.850,-31.157,-31.742,5.525,2.381,-4.827,-13.752
796.0,-18.566,-27.282,-38.818,-45.088,-23.227,-27.116,-29.452,-31.665,4.661,-0.166,-9.366,-13.423
797.0,-21.576,-29.438,-41.837,-48.968,-21.214,-26.397,-28.454,-29.559,-0.362,-3.041,-13.383,-19.409
798.0,-25.419,-33.583,-46.279,-54.060,-22.617,-27.029,-27.884,-31.180,-2.802,-6.554,-18.395,-22.880
799.0,-23.411,-32.229,-47.217,-55.331,-20.494,-25.410,-27.126,-29.252,-2.917,-6.819,-20.091,-26.079
800.0,-23.692,-31.105,-44.448,-52.039,-21.434,-25.716,-28.026,-29.935,-2.258,-5.389,-16.422,-22.104
801.0,-20.169,-29.657,-45.521,-52.844,-20.408,-25.042,-27.634,-28.882,0.239,-4.615,-17.886,-23.962
802.0,-17.141,-27.233,-40.095,-46.711,-19.515,-24.874,-26.933,-27.833,2.373,-2.358,-13.162,-18.878
803.0,-18.333,-28.589,-43.521,-50.135,-21.038,-25.757,-27.915,-29.447,2.705,-2.832,-15.606,-20.687
804.0,-19.216,-29.959,-43.082,-49.305,-21.695,-26.368,-27.875,-30.133,2.479,-3.590,-15.207,-19.172
805.0,-25.168,-32.946,-45.794,-53.110,-24.903,-29.116,-31.235,-33.365,-0.265,-3.830,-14.559,-19.745
806.0,-21.439,-31.989,-45.836,-52.900,-26.930,-32.038,-35.223,-35.275,5.491,0.048,-10.613,-17.625
807.0,-23.329,-32.786,-48.412,-55.545,-26.579,-31.852,-33.570,-35.021,3.250,-0.934,-14.842,-20.525
808.0,-22.678,-31.365,-44.880,-52.689,-23.824,-29.177,-32.724,-32.159,1.147,-2.187,-12.155,-20.530
809.0,-24.354,-33.528,-49.021,-56.933,-23.036,-28.433,-29.880,-31.490,-1.318,-5.095,-19.140,-25.442
810.0,-29.400,-36.113,-51.573,-59.706,-21.450,-26.669,-28.280,-29.901,-7.950,-9.444,-23.293,-29.805
811.0,-28.876,-38.650,-54.895,-64.817,-21.880,-27.516,-28.773,-30.345,-6.996,-11.134,-26.122,-34.472
812.0,-33.440,-40.877,-58.765,-66.939,-24.166,-29.802,-31.021,-32.618,-9.274,-11.075,-27.744,-34.321
813.0,-40.522,-50.692,-65.434,-78.027,-27.641,-31.576,-34.420,-36.127,-12.881,-19.116,-31.014,-41.901
814.0,-35.574,-48.060,-70.092,-86.029,-25.488,-30.409,-32.243,-33.960,-10.086,-17.650,-37.849,-52.069
815.0,-37.568,-48.544,-72.019,-86.929,-27.814,-32.092,-34.395,-36.269,-9.753,-16.452,-37.625,-50.660
816.0,-35.525,-47.804,-68.544,-85.752,-26.536,-30.715,-33.073,-35.033,-8.989,-17.089,-35.471,-50.719
817.0,-38.828,-49.517,-69.510,-85.183,-30.285,-33.167,-37.070,-38.792,-8.543,-16.349,-32.440,-46.392
818.0,-35.626,-46.029,-66.057,-82.955,-33.389,-35.604,-40.018,-41.877,-2.237,-10.425,-26.039,-41.078
819.0,-30.012,-39.742,-59.470,-71.477,-33.186,-38.545,-39.753,-41.639,3.174,-1.197,-19.717,-29.838
820.0,-32.236,-41.258,-59.088,-71.160,-35.414,-40.679,-42.134,-43.821,3.178,-0.579,-16.954,-27.339
821.0,-33.271,-41.858,-54.642,-72.161,-46.277,-51.251,-52.855,-54.766,13.005,9.393,-1.788,-17.395
822.0,-29.842,-40.125,-59.538,-74.792,-40.576,-45.816,-47.403,-49.007,10.734,5.690,-12.135,-25.785
823.0,-31.919,-43.033,-62.823,-76.599,-44.387,-48.476,-51.408,-52.828,12.468,5.443,-11.414,-23.771
824.0,-32.692,-40.034,-58.317,-71.621,-40.115,-46.021,-47.642,-48.540,7.423,5.987,-10.676,-23.081
825.0,-32.349,-39.352,-57.095,-68.423,-41.207,-47.871,-49.254,-49.562,8.858,8.519,-7.841,-18.861
826.0,-28.985,-38.201,-56.449,-67.737,-38.133,-43.292,-46.187,-46.552,9.148,5.091,-10.263,-21.186
827.0,-25.739,-34.700,-50.193,-60.614,-35.241,-39.087,-42.321,-43.675,9.502,4.387,-7.872,-16.939
828.0,-24.238,-32.102,-48.735,-59.787,-34.742,-40.326,-40.392,-43.269,10.504,8.224,-8.343,-16.518
829.0,-23.852,-31.689,-44.812,-54.414,-35.389,-40.425,-40.813,-43.979,11.537,8.736,-3.999,-10.435
830.0,-25.313,-32.855,-47.737,-55.786,-34.207,-39.354,-42.377,-42.609,8.894,6.499,-5.359,-13.177
831.0,-25.646,-31.800,-45.998,-53.645,-34.925,-42.588,-42.578,-43.278,9.279,10.788,-3.420,-10.368
832.0,-26.456,-34.717,-49.932,-60.250,-35.460,-38.493,-43.195,-43.869,9.004,3.776,-6.737,-16.382
833.0,-26.844,-34.639,-50.112,-59.376,-33.966,-38.650,-42.654,-42.324,7.123,4.011,-7.458,-17.052
834.0,-28.815,-36.595,-53.484,-64.820,-33.638,-36.894,-40.586,-42.073,4.824,0.299,-12.898,-22.747
835.0,-32.880,-40.327,-57.048,-69.902,-28.361,-32.901,-35.474,-36.761,-4.520,-7.426,-21.575,-33.140
836.0,-34.374,-43.772,-61.883,-77.821,-26.116,-31.034,-33.529,-34.504,-8.259,-12.739,-28.354,-43.317
837.0,-35.510,-45.229,-66.029,-82.164,-25.951,-30.557,-32.138,-34.448,-9.559,-14.672,-33.891,-47.716
838.0,-36.300,-45.468,-65.040,-81.746,-28.582,-32.020,-35.945,-37.087,-7.718,-13.448,-29.095,-44.659
839.0,-36.328,-46.939,-67.557,-82.189,-27.339,-31.236,-34.054,-35.768,-8.989,-15.703,-33.502,-46.421
840.0,-32.733,-43.023,-62.556,-74.726,-29.416,-33.923,-36.956,-37.858,-3.317,-9.100,-25.600,-36.868
841.0,-32.372,-42.949,-63.602,-78.427,-29.011,-33.918,-37.955,-37.354,-3.362,-9.032,-25.647,-41.072
842.0,-34.588,-43.222,-65.522,-75.794,-32.683,-36.600,-40.473,-41.091,-1.905,-6.622,-25.049,-34.703
843.0,-38.412,-45.794,-66.439,-77.836,-35.777,-40.061,-44.080,-44.234,-2.635,-5.733,-22.359,-33.602
844.0,-37.759,-46.453,-67.467,-80.611,-37.825,-42.348,-45.715,-46.280,0.066,-4.105,-21.752,-34.330
845.0,-30.627,-39.495,-57.823,-70.814,-39.518,-44.086,-47.403,-47.922,8.891,4.591,-10.420,-22.892
846.0,-31.577,-41.713,-58.445,-71.006,-39.309,-44.854,-47.333,-47.714,7.732,3.141,-11.111,-23.291
847.0,-28.345,-37.136,-55.764,-66.492,-38.533,-44.074,-45.525,-46.987,10.188,6.938,-10.239,-19.506
848.0,-31.403,-40.904,-59.062,-70.847,-36.315,-43.621,-43.807,-44.676,4.912,2.717,-15.255,-26.171
849.0,-32.749,-42.466,-60.306,-73.432,-36.713,-42.496,-43.583,-45.115,3.964,0.031,-16.723,-28.317
850.0,-30.625,-39.811,-57.261,-68.503,-37.918,-42.507,-44.296,-46.359,7.293,2.696,-12.964,-22.144
851.0,-28.500,-37.546,-53.085,-64.560,-41.196,-44.309,-47.752,-49.676,12.696,6.763,-5.334,-14.884
852.0,-27.531,-37.357,-54.382,-65.064,-42.059,-45.219,-48.847,-50.542,14.528,7.862,-5.535,-14.521
853.0,-29.209,-38.450,-55.457,-65.244,-34.179,-38.411,-41.848,-42.594,4.970,-0.039,-13.609,-22.650
854.0,-23.547,-32.806,-48.428,-58.997,-35.696,-39.626,-42.620,-44.152,12.149,6.821,-5.808,-14.844
855.0,-26.927,-36.045,-52.753,-62.127,-33.197,-36.881,-39.563,-41.711,6.270,0.836,-13.190,-20.416
856.0,-23.988,-32.841,-48.050,-55.832,-36.540,-40.414,-43.368,-45.013,12.551,7.573,-4.682,-10.819
857.0,-20.815,-29.952,-43.438,-53.243,-36.758,-41.345,-44.108,-45.170,15.943,11.392,0.670,-8.073
858.0,-21.799,-29.050,-40.826,-48.970,-32.472,-37.482,-39.010,-40.904,10.673,8.432,-1.816,-8.066
859.0,-22.414,-30.370,-44.467,-51.792,-32.724,-36.888,-39.625,-41.176,10.310,6.518,-4.842,-10.616
860.0,-26.391,-35.610,-49.813,-56.873,-31.061,-35.799,-37.861,-39.548,4.669,0.189,-11.952,-17.325
861.0,-25.324,-34.074,-49.419,-58.582,-33.863,-37.687,-40.829,-42.306,8.539,3.613,-8.591,-16.276
862.0,-29.649,-39.590,-54.978,-63.943,-27.208,-31.824,-33.931,-35.643,-2.441,-7.766,-21.047,-28.300
863.0,-23.333,-32.389,-47.139,-56.358,-30.615,-35.588,-37.631,-39.042,7.281,3.200,-9.507,-17.316
864.0,-23.256,-31.425,-45.997,-53.162,-26.254,-30.892,-32.848,-34.718,2.999,-0.532,-13.149,-18.445
865.0,-24.153,-32.338,-46.416,-53.522,-23.860,-28.695,-31.073,-32.279,-0.293,-3.643,-15.343,-21.243
866.0,-26.386,-33.377,-48.813,-56.472,-24.033,-28.029,-29.912,-32.482,-2.353,-5.347,-18.901,-23.991
867.0,-29.373,-37.088,-51.323,-59.531,-26.446,-30.561,-33.009,-34.903,-2.927,-6.527,-18.315,-24.627
868.0,-25.827,-35.774,-50.174,-58.329,-30.622,-34.944,-37.302,-39.080,4.795,-0.830,-12.872,-19.249
869.0,-27.039,-36.074,-51.578,-58.519,-29.674,-34.176,-36.485,-38.108,2.635,-1.898,-15.093,-20.411
870.0,-24.778,-34.195,-49.703,-56.961,-32.265,-37.116,-38.875,-40.743,7.487,2.921,-10.828,-16.218
871.0,-25.496,-34.340,-48.677,-56.476,-27.424,-31.541,-34.599,-35.808,1.928,-2.799,-14.079,-20.667
872.0,-22.636,-32.329,-46.777,-55.300,-25.616,-30.876,-33.528,-34.002,2.980,-1.453,-13.249,-21.298
873.0,-24.566,-33.874,-48.244,-56.241,-27.140,-31.365,-33.851,-35.589,2.574,-2.509,-14.393,-20.652
874.0,-23.258,-31.908,-45.528,-52.705,-28.819,-33.621,-37.618,-37.152,5.560,1.713,-7.910,-15.553
875.0,-24.034,-32.319,-44.866,-52.982,-32.260,-36.523,-39.024,-40.651,8.226,4.204,-5.842,-12.331
876.0,-19.836,-29.142,-42.563,-49.726,-28.496,-34.677,-36.008,-36.851,8.660,5.535,-6.555,-12.875
877.0,-21.808,-30.351,-44.597,-51.768,-30.854,-35.321,-37.258,-39.311,9.046,4.970,-7.339,-12.456
878.0,-19.825,-28.814,-41.750,-49.195,-27.978,-32.919,-34.677,-36.444,8.153,4.105,-7.073,-12.751
879.0,-17.705,-26.867,-41.154,-47.151,-29.187,-33.773,-35.974,-37.645,11.482,6.906,-5.180,-9.506
880.0,-19.532,-27.758,-40.045,-46.297,-26.397,-31.205,-33.274,-34.859,6.865,3.447,-6.771,-11.438
881.0,-20.902,-27.489,-36.109,-46.056,-28.297,-32.118,-35.158,-36.742,7.394,4.629,-0.950,-9.313
882.0,-21.162,-29.298,-40.987,-48.463,-28.050,-31.408,-35.233,-36.443,6.887,2.111,-5.755,-12.019
883.0,-20.053,-28.238,-38.409,-47.192,-25.525,-30.345,-32.749,-33.975,5.472,2.108,-5.660,-13.217
884.0,-20.461,-28.568,-37.585,-49.055,-23.555,-28.834,-30.570,-31.977,3.094,0.266,-7.015,-17.078
885.0,-19.809,-28.560,-40.038,-47.154,-24.337,-29.062,-31.089,-32.760,4.528,0.501,-8.949,-14.394
886.0,-18.655,-26.853,-40.239,-46.499,-22.397,-27.008,-29.310,-30.818,3.743,0.155,-10.929,-15.681
887.0,-18.687,-26.307,-38.741,-45.834,-21.338,-26.229,-28.001,-29.767,2.651,-0.078,-10.741,-16.066
888.0,-17.640,-27.575,-40.077,-45.687,-22.800,-26.862,-28.820,-31.279,5.160,-0.713,-11.258,-14.408
889.0,-22.084,-29.521,-42.301,-48.807,-21.872,-26.938,-28.680,-30.235,-0.212,-2.582,-13.621,-18.572
890.0,-25.511,-33.979,-48.133,-55.506,-23.915,-27.694,-30.715,-32.430,-1.596,-6.285,-17.418,-23.076
891.0,-23.495,-31.982,-46.957,-53.541,-22.340,-26.844,-29.563,-30.733,-1.155,-5.138,-17.394,-22.807
892.0,-24.568,-32.551,-44.563,-52.278,-23.047,-27.981,-30.885,-31.446,-1.521,-4.569,-13.678,-20.833
893.0,-20.681,-30.029,-41.641,-50.683,-22.176,-26.988,-29.267,-30.611,1.495,-3.041,-12.374,-20.072
894.0,-22.363,-31.342,-40.048,-52.372,-21.258,-25.315,-26.811,-29.772,-1.105,-6.027,-13.237,-22.601
895.0,-27.850,-35.575,-45.432,-56.497,-21.555,-25.528,-27.947,-30.015,-6.294,-10.047,-17.484,-26.481
896.0,-27.406,-34.517,-41.212,-53.265,-22.407,-27.425,-29.349,-30.847,-4.999,-7.092,-11.863,-22.418
897.0,-18.833,-27.290,-41.349,-47.357,-23.753,-28.753,-31.079,-32.148,4.921,1.464,-10.271,-15.209
898.0,-18.064,-27.278,-39.509,-45.396,-28.084,-32.106,-34.572,-36.549,10.019,4.828,-4.937,-8.847
899.0,-18.990,-27.794,-41.946,-48.104,-26.600,-31.391,-33.141,-35.057,7.610,3.598,-8.805,-13.048
900.0,-24.820,-33.612,-44.099,-53.972,-27.723,-31.821,-34.060,-36.186,2.903,-1.791,-10.039,-17.786
901.0,-24.084,-31.552,-37.590,-49.777,-22.727,-28.707,-29.392,-31.168,-1.358,-2.844,-8.198,-18.609
902.0,-20.527,-28.411,-36.939,-46.787,-26.304,-32.231,-33.502,-34.649,5.777,3.820,-3.438,-12.138
903.0,-21.754,-31.378,-45.012,-50.774,-29.622,-34.061,-36.409,-38.033,7.868,2.683,-8.603,-12.741
904.0,-28.461,-35.838,-48.594,-57.304,-27.773,-31.922,-34.652,-36.210,-0.687,-3.915,-13.942,-21.094
905.0,-25.571,-34.085,-48.258,-56.318,-21.154,-25.788,-28.146,-29.592,-4.417,-8.296,-20.113,-26.726
906.0,-27.479,-36.281,-48.008,-59.540,-21.004,-25.303,-27.596,-29.466,-6.474,-10.978,-20.412,-30.075
907.0,-24.421,-33.925,-47.661,-57.500,-25.196,-29.831,-31.514,-33.609,0.775,-4.094,-16.147,-23.891
908.0,-29.125,-37.435,-51.646,-62.418,-27.354,-32.624,-34.240,-35.758,-1.771,-4.811,-17.406,-26.659
909.0,-25.947,-35.021,-47.401,-56.466,-24.574,-29.339,-30.974,-33.193,-1.373,-5.682,-16.427,-23.274
910.0,-20.879,-31.086,-45.805,-53.123,-23.864,-28.923,-31.671,-32.136,2.985,-2.163,-14.134,-20.987
911.0,-22.369,-32.610,-44.603,-52.658,-25.446,-30.120,-31.941,-33.927,3.077,-2.490,-12.662,-18.731
912.0,-18.288,-28.687,-43.373,-49.840,-31.768,-34.700,-37.012,-40.227,13.480,6.013,-6.361,-9.613
913.0,-20.786,-29.471,-41.831,-48.267,-28.331,-33.148,-35.531,-36.729,7.545,3.677,-6.299,-11.538
914.0,-18.660,-27.733,-38.656,-47.751,-30.441,-34.457,-37.383,-38.893,11.781,6.724,-1.273,-8.858
915.0,-18.639,-28.230,-38.723,-46.405,-28.650,-33.032,-35.169,-37.143,10.012,4.802,-3.554,-9.262
916.0,-20.067,-28.462,-39.303,-48.113,-32.087,-36.618,-38.900,-40.530,12.020,8.156,-0.403,-7.582
917.0,-19.199,-27.477,-38.033,-46.522,-28.251,-32.913,-34.343,-36.712,9.052,5.436,-3.690,-9.809
918.0,-20.068,-27.930,-40.121,-47.101,-24.679,-29.806,-31.448,-33.149,4.611,1.876,-8.673,-13.952
919.0,-18.347,-26.862,-37.492,-45.067,-26.608,-31.764,-32.861,-35.067,8.261,4.902,-4.631,-9.999
920.0,-17.523,-26.159,-34.820,-44.228,-22.576,-27.505,-29.175,-31.073,5.052,1.346,-5.645,-13.155
921.0,-15.248,-23.707,-33.750,-42.286,-23.941,-28.066,-30.212,-32.461,8.693,4.360,-3.538,-9.825
922.0,-16.685,-25.673,-35.777,-43.705,-21.743,-26.882,-28.252,-30.222,5.058,1.209,-7.525,-13.483
923.0,-14.516,-22.868,-32.291,-40.982,-22.763,-27.331,-29.269,-31.192,8.247,4.464,-3.023,-9.789
924.0,-15.190,-24.077,-35.700,-41.309,-22.669,-27.356,-29.509,-31.117,7.479,3.279,-6.191,-10.192
925.0,-15.752,-24.535,-30.020,-36.126,-22.622,-26.983,-28.457,-31.078,6.870,2.448,-1.563,-5.047
926.0,-17.821,-24.916,-32.333,-41.545,-22.435,-26.986,-29.447,-30.876,4.615,2.070,-2.886,-10.670
927.0,-14.380,-23.997,-36.192,-41.805,-20.999,-25.294,-27.629,-29.517,6.618,1.297,-8.562,-12.288
928.0,-15.035,-23.531,-35.552,-41.348,-19.295,-24.030,-26.169,-27.760,4.260,0.498,-9.384,-13.587
929.0,-15.596,-24.239,-35.582,-41.373,-18.662,-23.328,-25.156,-27.114,3.067,-0.911,-10.425,-14.259
930.0,-14.120,-22.537,-34.538,-40.302,-19.316,-23.667,-26.006,-27.765,5.197,1.130,-8.532,-12.537
931.0,-15.287,-25.044,-37.139,-42.870,-17.805,-22.524,-24.384,-26.252,2.517,-2.520,-12.755,-16.618
932.0,-14.172,-22.951,-35.359,-40.864,-18.397,-22.187,-25.260,-26.862,4.225,-0.764,-10.099,-14.001
933.0,-14.050,-23.217,-34.892,-40.527,-19.391,-23.822,-26.616,-28.116,5.341,0.605,-8.276,-12.411
934.0,-13.135,-22.168,-35.202,-40.534,-19.918,-24.081,-26.495,-28.374,6.782,1.913,-8.707,-12.160
935.0,-14.993,-23.705,-36.105,-42.444,-17.536,-22.479,-24.271,-25.985,2.543,-1.227,-11.834,-16.458
936.0,-11.992,-21.409,-35.090,-40.892,-18.469,-22.510,-24.697,-26.930,6.477,1.102,-10.393,-13.961
937.0,-13.639,-23.764,-34.806,-40.809,-17.976,-21.928,-24.873,-26.414,4.338,-1.836,-9.932,-14.395
938.0,-12.281,-22.344,-34.561,-40.472,-17.903,-22.303,-24.409,-26.365,5.622,-0.041,-10.152,-14.107
939.0,-12.993,-22.927,-34.493,-41.006,-18.052,-23.275,-25.481,-26.459,5.059,0.348,-9.013,-14.546
940.0,-15.330,-23.273,-32.104,-39.991,-17.498,-22.360,-24.900,-25.901,2.168,-0.913,-7.204,-14.090
941.0,-18.217,-25.446,-30.985,-37.833,-17.702,-22.223,-24.465,-26.103,-0.515,-3.224,-6.520,-11.730
942.0,-20.872,-27.161,-33.813,-37.705,-16.806,-21.016,-23.381,-25.263,-4.065,-6.145,-10.432,-12.441
943.0,-33.436,-38.743,-51.257,-56.126,-16.932,-22.161,-24.571,-25.312,-16.505,-16.583,-26.685,-30.815
944.0,-38.412,-45.301,-60.380,-69.748,-16.330,-20.984,-22.854,-24.739,-22.082,-24.318,-37.526,-45.009
945.0,-48.303,-59.665,-71.314,-81.574,-16.495,-22.106,-23.250,-24.980,-31.808,-37.559,-48.063,-56.594
946.0,-21.436,-32.559,-44.692,-49.295,-16.351,-21.283,-23.809,-24.723,-5.085,-11.276,-20.883,-24.572
947.0,-19.690,-28.603,-41.752,-48.451,-16.414,-21.703,-23.274,-24.900,-3.276,-6.900,-18.478,-23.551
948.0,-18.774,-27.798,-40.389,-47.124,-18.581,-22.370,-24.409,-27.209,-0.193,-5.427,-15.979,-19.916
949.0,-21.517,-30.059,-42.249,-49.381,-19.939,-24.925,-27.344,-28.343,-1.578,-5.133,-14.905,-21.037
950.0,-21.413,-30.380,-43.464,-51.918,-22.788,-26.846,-30.218,-31.476,1.375,-3.535,-13.246,-20.442
951.0,-22.096,-30.556,-44.861,-53.716,-37.928,-40.027,-44.858,-46.456,15.832,9.471,-0.003,-7.260
952.0,-20.962,-30.986,-44.605,-52.647,-41.335,-46.283,-49.239,-49.699,20.373,15.298,4.634,-2.949
953.0,-21.055,-29.921,-42.663,-49.768,-60.823,-63.863,-68.223,-69.209,39.768,33.942,25.560,19.441
954.0,-24.079,-32.580,-45.355,-54.028,-24.640,-29.934,-31.320,-33.145,0.560,-2.645,-14.035,-20.883
955.0,-25.099,-32.753,-47.907,-57.389,-21.725,-26.953,-28.720,-30.191,-3.373,-5.800,-19.188,-27.198
956.0,-24.235,-32.976,-49.990,-59.991,-21.799,-26.975,-29.036,-30.223,-2.436,-6.001,-20.954,-29.768
957.0,-25.156,-36.066,-50.240,-58.222,-23.722,-29.132,-31.065,-32.109,-1.435,-6.933,-19.175,-26.113
958.0,-26.246,-36.664,-52.887,-61.513,-24.918,-29.949,-31.823,-33.328,-1.329,-6.715,-21.064,-28.185
959.0,-31.012,-41.574,-58.667,-67.180,-25.216,-29.648,-31.977,-33.701,-5.796,-11.925,-26.690,-33.479
960.0,-30.553,-39.372,-56.726,-68.858,-24.669,-29.005,-31.282,-33.082,-5.884,-10.367,-25.445,-35.776
961.0,-24.858,-32.831,-48.413,-58.724,-25.254,-29.255,-31.983,-33.685,0.396,-3.576,-16.430,-25.038
962.0,-26.486,-35.281,-50.489,-61.104,-27.607,-31.529,-34.517,-36.043,1.121,-3.752,-15.972,-25.061
963.0,-29.412,-38.907,-54.415,-66.056,-27.756,-31.637,-34.517,-36.193,-1.656,-7.270,-19.898,-29.863
964.0,-25.320,-35.300,-50.239,-61.344,-28.857,-32.768,-35.715,-37.312,3.537,-2.533,-14.524,-24.032
965.0,-27.114,-36.757,-53.472,-65.691,-30.557,-34.808,-37.410,-39.029,3.443,-1.949,-16.062,-26.662
966.0,-26.961,-38.111,-54.634,-65.752,-31.965,-36.012,-38.825,-40.435,5.005,-2.100,-15.809,-25.318
967.0,-29.313,-38.875,-53.651,-64.739,-36.466,-41.800,-43.194,-44.984,7.153,2.925,-10.456,-19.754
968.0,-24.018,-33.764,-47.122,-55.965,-31.440,-36.492,-38.835,-39.853,7.422,2.728,-8.287,-16.112
969.0,-24.222,-33.058,-44.724,-53.177,-26.194,-31.430,-33.519,-34.616,1.972,-1.628,-11.205,-18.561
970.0,-24.575,-31.798,-41.698,-52.765,-30.736,-36.121,-38.082,-39.122,6.162,4.323,-3.616,-13.643
971.0,-28.610,-34.892,-43.420,-58.050,-32.332,-37.231,-39.122,-40.759,3.722,2.339,-4.298,-17.291
972.0,-30.699,-36.677,-49.991,-62.135,-29.102,-34.246,-35.520,-37.551,-1.597,-2.431,-14.471,-24.584
973.0,-31.617,-39.057,-53.637,-64.942,-31.949,-36.713,-38.555,-40.445,0.332,-2.344,-15.082,-24.497
974.0,-31.085,-40.105,-55.626,-67.758,-32.603,-37.362,-39.312,-41.058,1.517,-2.743,-16.315,-26.700
975.0,-26.067,-35.567,-49.271,-58.089,-31.917,-35.918,-38.703,-40.343,5.850,0.351,-10.568,-17.746
976.0,-25.016,-34.503,-48.118,-57.011,-27.218,-31.316,-33.879,-35.635,2.202,-3.187,-14.239,-21.375
977.0,-30.162,-39.426,-55.531,-66.156,-26.947,-30.528,-33.671,-35.373,-3.216,-8.898,-21.860,-30.783
978.0,-33.772,-40.676,-53.301,-67.815,-28.574,-32.722,-35.397,-37.087,-5.198,-7.953,-17.904,-30.729
979.0,-33.450,-39.774,-52.230,-68.309,-28.997,-34.247,-35.859,-37.435,-4.454,-5.527,-16.371,-30.875
980.0,-31.466,-38.442,-54.302,-65.346,-31.937,-35.683,-37.543,-40.495,0.471,-2.759,-16.759,-24.851
981.0,-31.600,-38.928,-54.807,-65.841,-34.735,-38.116,-41.310,-43.228,3.135,-0.811,-13.497,-22.613
982.0,-29.121,-39.278,-53.407,-63.855,-35.483,-38.636,-41.765,-43.948,6.362,-0.642,-11.642,-19.907
983.0,-26.081,-35.053,-47.791,-56.951,-29.004,-33.351,-35.871,-37.413,2.923,-1.702,-11.920,-19.538
984.0,-28.667,-36.412,-49.983,-62.575,-29.572,-33.754,-36.212,-38.008,0.906,-2.657,-13.771,-24.567
985.0,-33.971,-40.035,-52.532,-66.842,-34.204,-37.765,-40.993,-42.646,0.232,-2.269,-11.540,-24.197
986.0,-34.324,-41.502,-56.785,-70.711,-36.820,-41.267,-44.245,-45.227,2.496,-0.235,-12.540,-25.484
987.0,-32.962,-42.606,-60.618,-73.493,-32.695,-38.148,-41.361,-41.019,-0.267,-4.458,-19.257,-32.474
988.0,-33.101,-42.330,-60.547,-73.955,-33.468,-37.897,-40.890,-41.805,0.367,-4.433,-19.657,-32.150
989.0,-37.034,-45.465,-64.014,-79.833,-34.684,-38.630,-42.496,-43.078,-2.350,-6.834,-21.518,-36.755
990.0,-37.719,-43.885,-51.326,-69.178,-32.508,-36.766,-38.968,-40.979,-5.211,-7.119,-12.358,-28.199
991.0,-34.939,-41.867,-47.652,-61.287,-29.508,-33.412,-36.285,-37.930,-5.430,-8.454,-11.367,-23.358
992.0,-33.652,-40.958,-49.440,-66.775,-32.934,-36.427,-39.917,-41.375,-0.718,-4.531,-9.522,-25.401
993.0,-34.694,-42.669,-52.169,-65.921,-32.925,-39.225,-41.769,-41.228,-1.769,-3.444,-10.400,-24.693
994.0,-32.931,-39.872,-56.784,-67.796,-37.174,-41.652,-44.737,-45.535,4.243,1.781,-12.047,-22.262
995.0,-33.060,-40.074,-58.074,-70.003,-36.006,-40.589,-42.695,-44.461,2.946,0.515,-15.379,-25.542
996.0,-30.670,-39.055,-56.833,-66.624,-37.551,-41.446,-44.136,-46.026,6.880,2.391,-12.697,-20.598
997.0,-24.834,-35.299,-54.653,-65.135,-40.822,-44.484,-48.059,-49.223,15.988,9.185,-6.594,-15.912
998.0,-30.632,-36.951,-53.824,-62.427,-37.341,-43.384,-46.598,-45.672,6.709,6.433,-7.226,-16.755
999.0,-28.968,-37.679,-52.182,-62.579,-36.253,-39.982,-42.299,-45.076,7.285,2.304,-9.883,-17.504
1000.0,-27.390,-37.261,-54.820,-62.041,-35.207,-41.045,-43.915,-43.555,7.817,3.785,-10.904,-18.486
1001.0,-29.785,-39.112,-54.847,-67.188,-36.667,-41.292,-43.286,-45.306,6.882,2.181,-11.561,-21.882
1002.0,-30.590,-41.188,-57.027,-70.352,-33.010,-38.595,-42.602,-41.334,2.420,-2.592,-14.425,-29.018
1003.0,-29.554,-38.409,-57.755,-72.512,-33.368,-38.204,-40.077,-41.795,3.815,-0.205,-17.678,-30.717
1004.0,-29.563,-36.525,-52.545,-62.689,-34.460,-39.022,-41.517,-42.882,4.897,2.497,-11.028,-19.808
1005.0,-29.000,-38.281,-55.113,-61.606,-29.022,-35.277,-35.917,-37.421,0.021,-3.004,-19.196,-24.185
1006.0,-25.919,-36.483,-55.564,-66.057,-33.231,-36.566,-41.061,-41.631,7.313,0.083,-14.503,-24.426
1007.0,-27.951,-37.484,-54.964,-63.066,-32.183,-37.108,-38.531,-40.644,4.232,-0.376,-16.433,-22.422
1008.0,-29.370,-37.561,-52.541,-63.075,-30.902,-35.969,-37.445,-39.337,1.532,-1.593,-15.096,-23.738
1009.0,-28.144,-37.974,-54.617,-66.695,-32.908,-38.544,-41.302,-41.284,4.764,0.571,-13.316,-25.410
1010.0,-27.632,-37.041,-54.186,-63.757,-34.897,-39.368,-42.071,-43.341,7.265,2.327,-12.115,-20.417
1011.0,-25.702,-36.050,-50.264,-63.348,-32.212,-36.701,-39.579,-40.608,6.510,0.651,-10.685,-22.739
1012.0,-24.834,-36.009,-52.240,-64.975,-30.122,-36.629,-39.756,-38.440,5.289,0.619,-12.484,-26.535
1013.0,-30.917,-42.395,-59.002,-71.665,-31.761,-36.964,-38.403,-40.198,0.844,-5.431,-20.599,-31.468
1014.0,-39.387,-45.400,-55.928,-71.680,-29.387,-35.441,-36.246,-37.799,-10.000,-9.959,-19.681,-33.881
1015.0,-35.132,-41.074,-53.261,-69.830,-32.615,-37.360,-39.515,-41.033,-2.517,-3.714,-13.745,-28.797
1016.0,-33.097,-40.396,-55.470,-70.159,-32.140,-36.738,-38.838,-40.586,-0.958,-3.659,-16.632,-29.573
1017.0,-29.518,-38.592,-57.382,-71.058,-30.930,-36.187,-37.739,-39.380,1.412,-2.405,-19.643,-31.678
1018.0,-30.002,-39.343,-56.089,-70.409,-31.781,-36.524,-39.281,-40.201,1.780,-2.818,-16.808,-30.207
1019.0,-31.885,-40.468,-56.855,-70.319,-28.912,-34.555,-36.811,-37.306,-2.973,-5.913,-20.044,-33.013
1020.0,-30.585,-40.514,-60.954,-74.099,-30.705,-35.220,-37.869,-39.141,0.120,-5.294,-23.086,-34.958
1021.0,-29.883,-40.228,-59.793,-72.554,-37.395,-41.436,-44.074,-45.943,7.513,1.208,-15.719,-26.611
1022.0,-28.546,-37.987,-53.971,-66.226,-38.853,-44.091,-47.981,-47.205,10.307,6.104,-5.989,-19.021
1023.0,-31.495,-39.319,-51.546,-64.117,-35.159,-39.672,-42.261,-43.559,3.664,0.354,-9.285,-20.557
1024.0,-29.474,-36.952,-52.141,-62.825,-35.516,-39.128,-40.586,-43.940,6.042,2.175,-11.555,-18.885
1025.0,-27.096,-35.409,-49.601,-62.282,-32.585,-37.374,-39.692,-40.954,5.489,1.966,-9.909,-21.327
1026.0,-26.129,-34.929,-50.366,-61.928,-34.854,-39.614,-41.648,-43.317,8.725,4.685,-8.718,-18.611
1027.0,-27.712,-36.275,-50.610,-61.901,-36.598,-40.336,-42.745,-45.073,8.885,4.061,-7.864,-16.828
1028.0,-25.553,-34.717,-49.681,-59.807,-34.814,-40.004,-41.654,-43.242,9.261,5.287,-8.027,-16.565
1029.0,-23.025,-32.718,-49.481,-57.937,-33.196,-39.000,-40.133,-41.600,10.170,6.282,-9.348,-16.337
1030.0,-22.375,-32.481,-48.413,-57.853,-32.006,-37.770,-38.936,-40.456,9.631,5.289,-9.477,-17.397
1031.0,-25.895,-33.480,-41.655,-53.178,-32.919,-37.964,-40.032,-41.362,7.023,4.484,-1.624,-11.816
1032.0,-23.160,-31.157,-40.347,-53.413,-31.850,-35.450,-37.209,-40.258,8.690,4.292,-3.138,-13.155
1033.0,-20.244,-30.122,-42.262,-51.523,-28.777,-33.563,-36.063,-37.126,8.533,3.440,-6.199,-14.397
1034.0,-21.785,-29.528,-41.511,-49.629,-30.831,-34.956,-37.882,-39.289,9.047,5.428,-3.629,-10.339
1035.0,-22.055,-29.140,-36.748,-49.635,-30.996,-34.782,-37.352,-39.458,8.940,5.641,0.604,-10.177
1036.0,-19.889,-28.839,-39.394,-47.929,-28.998,-33.318,-35.605,-37.477,9.109,4.479,-3.789,-10.452
1037.0,-19.948,-28.865,-41.514,-49.027,-27.563,-32.238,-34.170,-35.985,7.616,3.372,-7.344,-13.043
1038.0,-19.302,-26.873,-37.960,-45.755,-26.261,-31.159,-32.997,-34.704,6.959,4.286,-4.963,-11.051
1039.0,-18.658,-26.534,-39.231,-46.598,-25.628,-31.402,-33.392,-33.963,6.970,4.868,-5.838,-12.635
1040.0,-16.951,-25.886,-38.552,-45.504,-24.231,-29.868,-31.230,-32.684,7.281,3.982,-7.322,-12.821
1041.0,-17.623,-26.120,-39.649,-46.222,-25.037,-29.498,-31.052,-33.523,7.414,3.377,-8.597,-12.699
1042.0,-18.372,-26.621,-39.966,-46.041,-24.375,-28.266,-30.811,-32.744,6.003,1.646,-9.154,-13.297
1043.0,-16.635,-26.561,-38.655,-45.576,-23.257,-28.904,-30.275,-31.632,6.621,2.342,-8.380,-13.944
1044.0,-17.203,-26.822,-40.146,-47.026,-21.711,-26.902,-28.905,-30.126,4.508,0.081,-11.242,-16.900
1045.0,-16.596,-25.980,-37.199,-43.731,-23.124,-27.737,-29.237,-31.597,6.528,1.757,-7.961,-12.134
1046.0,-18.373,-25.456,-39.605,-45.989,-20.237,-25.561,-28.119,-28.640,1.863,0.104,-11.486,-17.349
1047.0,-19.488,-26.812,-37.857,-44.591,-21.247,-25.674,-27.918,-29.672,1.760,-1.137,-9.939,-14.919
1048.0,-17.273,-26.574,-38.676,-44.746,-19.358,-24.648,-26.760,-27.780,2.085,-1.925,-11.916,-16.966
1049.0,-15.754,-25.174,-37.830,-44.174,-20.661,-25.587,-28.217,-29.088,4.907,0.413,-9.612,-15.086
1050.0,-16.963,-25.695,-38.077,-44.231,-21.540,-25.111,-27.814,-29.954,4.576,-0.583,-10.264,-14.277
1051.0,-18.187,-26.943,-37.667,-44.544,-20.510,-25.183,-26.474,-28.966,2.324,-1.760,-11.193,-15.578
1052.0,-17.079,-25.644,-37.967,-44.281,-20.487,-25.296,-27.368,-28.903,3.408,-0.348,-10.598,-15.378
1053.0,-17.643,-26.356,-39.213,-45.553,-19.668,-24.976,-27.242,-28.083,2.025,-1.380,-11.971,-17.470
1054.0,-17.468,-26.799,-38.177,-44.403,-21.053,-24.964,-28.638,-29.480,3.585,-1.836,-9.539,-14.922
1055.0,-17.928,-26.885,-38.263,-44.486,-20.014,-25.201,-26.815,-28.436,2.086,-1.684,-11.448,-16.050
1056.0,-18.027,-25.807,-37.773,-44.626,-21.097,-25.575,-27.419,-29.585,3.070,-0.232,-10.354,-15.041
1057.0,-16.450,-25.332,-35.935,-43.735,-19.280,-24.476,-26.425,-27.641,2.830,-0.857,-9.510,-16.094
1058.0,-17.823,-25.563,-36.462,-44.697,-20.940,-24.905,-27.534,-29.418,3.118,-0.658,-8.928,-15.279
1059.0,-16.010,-25.166,-36.423,-43.725,-20.769,-25.319,-26.915,-29.272,4.759,0.153,-9.509,-14.453
1060.0,-18.230,-25.713,-38.714,-45.446,-19.723,-24.803,-27.136,-28.126,1.494,-0.910,-11.578,-17.320
1061.0,-18.166,-27.703,-37.961,-44.917,-21.047,-25.463,-27.810,-29.465,2.881,-2.241,-10.151,-15.452
1062.0,-18.220,-26.908,-39.083,-45.638,-20.864,-25.480,-27.747,-29.323,2.644,-1.427,-11.336,-16.316
1063.0,-18.767,-27.769,-40.469,-46.707,-20.629,-26.736,-28.452,-28.951,1.862,-1.033,-12.017,-17.756
1064.0,-16.851,-26.003,-37.936,-45.022,-20.830,-24.962,-27.799,-29.245,3.979,-1.041,-10.137,-15.777
1065.0,-20.090,-27.068,-39.765,-46.179,-19.039,-24.490,-25.996,-27.450,-1.051,-2.578,-13.769,-18.729
1066.0,-16.913,-26.537,-40.171,-47.227,-20.139,-24.403,-26.987,-28.594,3.226,-2.134,-13.184,-18.633
1067.0,-18.484,-27.735,-40.225,-47.464,-19.483,-24.073,-25.746,-27.973,0.999,-3.663,-14.479,-19.491
1068.0,-20.817,-29.367,-39.869,-50.593,-21.110,-25.214,-27.349,-29.571,0.293,-4.153,-12.520,-21.022
1069.0,-24.281,-31.480,-41.518,-52.777,-20.714,-26.358,-27.693,-29.100,-3.567,-5.123,-13.825,-23.677
1070.0,-25.202,-32.350,-39.719,-48.564,-21.467,-26.418,-28.335,-29.929,-3.735,-5.932,-11.384,-18.635
1071.0,-23.732,-30.836,-42.201,-48.910,-21.515,-26.165,-28.151,-29.959,-2.217,-4.671,-14.051,-18.951
1072.0,-23.184,-30.038,-38.568,-49.145,-20.792,-25.221,-26.783,-29.315,-2.392,-4.817,-11.784,-19.830
1073.0,-21.560,-29.690,-41.288,-50.873,-21.895,-26.325,-29.002,-30.387,0.335,-3.364,-12.286,-20.487
1074.0,-19.621,-26.868,-34.854,-46.166,-20.690,-25.228,-27.155,-29.161,1.070,-1.640,-7.699,-17.005
1075.0,-23.763,-30.741,-38.511,-49.418,-21.903,-26.983,-28.532,-30.365,-1.860,-3.759,-9.980,-19.053
1076.0,-20.716,-29.522,-41.231,-50.486,-23.628,-28.489,-31.240,-32.021,2.911,-1.033,-9.991,-18.464
1077.0,-19.717,-27.970,-36.360,-45.120,-25.238,-30.337,-32.778,-33.586,5.521,2.367,-3.581,-11.534
1078.0,-18.175,-26.786,-40.378,-47.102,-27.411,-31.970,-34.091,-35.890,9.236,5.184,-6.288,-11.211
1079.0,-17.777,-26.663,-39.582,-45.861,-25.150,-29.329,-32.341,-33.657,7.373,2.666,-7.241,-12.204
1080.0,-20.773,-28.131,-40.164,-46.808,-25.782,-29.680,-31.081,-34.293,5.009,1.548,-9.083,-12.515
1081.0,-33.935,-42.854,-55.576,-63.328,-23.703,-27.951,-28.783,-32.161,-10.232,-14.903,-26.793,-31.167
1082.0,-25.094,-34.874,-51.539,-62.349,-20.075,-25.536,-27.416,-28.466,-5.018,-9.338,-24.123,-33.883
1083.0,-23.819,-33.152,-45.978,-54.097,-27.930,-31.829,-34.651,-36.408,4.110,-1.323,-11.326,-17.689
1084.0,-21.704,-29.631,-41.357,-49.281,-23.122,-27.940,-30.163,-31.538,1.418,-1.690,-11.194,-17.743
1085.0,-19.222,-28.125,-38.601,-45.301,-22.451,-26.427,-28.892,-30.912,3.229,-1.698,-9.709,-14.389
1086.0,-17.101,-25.609,-34.814,-41.760,-21.016,-25.918,-28.391,-29.412,3.915,0.309,-6.423,-12.348
1087.0,-16.612,-25.290,-35.042,-42.967,-20.812,-24.978,-27.787,-29.248,4.200,-0.312,-7.256,-13.718
1088.0,-16.090,-24.551,-33.570,-42.287,-24.651,-28.171,-31.971,-33.061,8.561,3.620,-1.598,-9.227
1089.0,-17.876,-26.867,-37.522,-45.141,-35.744,-39.516,-42.488,-44.148,17.868,12.649,4.966,-0.994
1090.0,-15.975,-25.399,-37.193,-43.750,-27.139,-32.147,-35.117,-35.528,11.164,6.748,-2.076,-8.222
1091.0,-17.722,-26.242,-36.996,-43.381,-27.448,-31.870,-33.346,-35.916,9.726,5.627,-3.650,-7.465
1092.0,-18.749,-25.653,-38.432,-44.176,-25.205,-28.234,-31.910,-33.706,6.455,2.581,-6.522,-10.470
1093.0,-17.550,-26.854,-39.866,-46.770,-21.451,-26.069,-27.225,-30.014,3.901,-0.785,-12.641,-16.757
1094.0,-19.684,-28.088,-41.208,-48.839,-18.585,-23.849,-25.916,-27.029,-1.098,-4.239,-15.293,-21.810
1095.0,-23.588,-32.091,-46.195,-53.682,-19.934,-24.750,-27.501,-28.288,-3.654,-7.341,-18.694,-25.393
1096.0,-27.739,-36.997,-52.612,-62.786,-17.885,-23.219,-24.591,-26.265,-9.854,-13.778,-28.021,-36.521
1097.0,-30.276,-38.857,-56.094,-68.244,-21.692,-25.751,-27.872,-30.159,-8.584,-13.106,-28.222,-38.085
1098.0,-29.360,-38.603,-57.270,-68.389,-19.197,-24.072,-24.921,-27.715,-10.162,-14.531,-32.349,-40.674
1099.0,-31.389,-40.576,-58.741,-68.754,-20.852,-25.361,-27.728,-29.293,-10.537,-15.215,-31.013,-39.460
1100.0,-27.067,-36.340,-52.900,-61.977,-21.591,-24.995,-27.740,-30.009,-5.476,-11.345,-25.160,-31.968
1101.0,-26.980,-34.767,-51.679,-60.271,-21.290,-26.135,-28.343,-29.735,-5.690,-8.632,-23.336,-30.535
1102.0,-22.048,-30.506,-46.288,-53.849,-22.664,-27.810,-30.894,-31.014,0.616,-2.696,-15.394,-22.835
1103.0,-21.360,-30.060,-44.079,-51.488,-28.070,-32.446,-35.000,-36.476,6.710,2.386,-9.080,-15.012
1104.0,-20.475,-27.849,-40.293,-47.345,-31.396,-36.778,-39.673,-39.754,10.921,8.929,-0.620,-7.591
1105.0,-23.952,-32.651,-46.083,-54.384,-33.943,-38.495,-41.375,-42.319,9.991,5.844,-4.708,-12.065
1106.0,-19.927,-27.439,-39.436,-46.082,-33.723,-38.453,-40.805,-42.122,13.796,11.014,1.369,-3.959
1107.0,-20.241,-26.617,-37.866,-45.198,-34.940,-38.900,-41.509,-43.378,14.699,12.283,3.643,-1.820
1108.0,-20.217,-27.741,-36.503,-46.571,-31.334,-35.074,-37.814,-39.809,11.117,7.332,1.311,-6.762
1109.0,-19.334,-27.176,-40.006,-46.251,-29.499,-32.707,-37.230,-37.870,10.165,5.531,-2.776,-8.381
1110.0,-20.469,-27.228,-39.862,-46.717,-25.486,-29.607,-31.959,-33.929,5.017,2.380,-7.903,-12.787
1111.0,-16.700,-25.792,-38.720,-44.811,-24.158,-28.528,-30.097,-32.674,7.458,2.736,-8.623,-12.137
1112.0,-17.598,-26.130,-38.120,-44.371,-22.988,-27.124,-28.794,-31.494,5.390,0.995,-9.327,-12.877
1113.0,-15.499,-24.931,-36.719,-42.552,-26.901,-31.135,-33.424,-35.376,11.402,6.204,-3.295,-7.176
1114.0,-17.163,-25.985,-38.095,-43.704,-21.736,-25.641,-26.646,-30.224,4.572,-0.343,-11.449,-13.480
1115.0,-14.943,-23.741,-36.349,-42.809,-21.098,-25.426,-27.181,-29.463,6.155,1.686,-9.168,-13.347
1116.0,-14.570,-23.836,-36.975,-43.758,-21.299,-26.657,-28.317,-29.652,6.729,2.822,-8.658,-14.106
1117.0,-16.936,-24.715,-38.145,-44.564,-21.114,-26.524,-29.372,-29.443,4.178,1.809,-8.773,-15.121
1118.0,-20.532,-26.054,-38.359,-44.162,-22.847,-26.619,-28.605,-31.232,2.315,0.566,-9.754,-12.930
1119.0,-17.053,-24.285,-36.440,-43.437,-19.765,-24.875,-27.033,-28.192,2.712,0.590,-9.408,-15.245
1120.0,-16.378,-23.796,-35.762,-43.528,-20.038,-24.265,-27.018,-28.491,3.660,0.469,-8.744,-15.038
1121.0,-16.142,-24.544,-37.424,-44.197,-19.457,-24.663,-26.674,-27.893,3.316,0.119,-10.750,-16.304
1122.0,-15.653,-25.094,-36.452,-42.840,-20.507,-24.718,-27.769,-28.967,4.854,-0.376,-8.683,-13.873
1123.0,-16.654,-24.292,-36.082,-43.202,-17.984,-22.936,-25.512,-26.386,1.330,-1.355,-10.570,-16.816
1124.0,-15.809,-24.447,-36.778,-43.057,-19.140,-23.382,-25.730,-27.608,3.331,-1.065,-11.048,-15.450
1125.0,-15.578,-24.405,-35.786,-42.142,-19.685,-22.936,-25.645,-28.104,4.108,-1.469,-10.140,-14.038
1126.0,-16.512,-23.667,-36.442,-43.225,-22.076,-25.332,-29.009,-30.461,5.563,1.665,-7.433,-12.764
1127.0,-17.557,-24.872,-36.048,-43.157,-17.863,-23.167,-25.473,-26.235,0.306,-1.705,-10.575,-16.923
1128.0,-16.554,-23.721,-33.437,-42.337,-18.636,-23.044,-25.466,-27.021,2.081,-0.678,-7.971,-15.316
1129.0,-17.168,-24.063,-33.356,-40.315,-19.646,-23.913,-25.861,-28.090,2.478,-0.150,-7.495,-12.225
1130.0,-19.796,-25.382,-32.146,-40.036,-18.592,-23.767,-25.627,-26.963,-1.203,-1.615,-6.519,-13.073
1131.0,-31.078,-35.483,-43.159,-51.115,-20.083,-23.494,-26.663,-28.487,-10.995,-11.989,-16.497,-22.628
1132.0,-23.101,-29.316,-34.608,-38.699,-18.944,-23.718,-25.290,-27.374,-4.157,-5.598,-9.318,-11.325
1133.0,-29.411,-35.338,-42.656,-48.046,-18.669,-22.720,-25.885,-27.077,-10.743,-12.617,-16.771,-20.969
1134.0,-29.318,-37.903,-48.130,-54.493,-19.323,-23.004,-26.354,-27.710,-9.995,-14.900,-21.776,-26.783
1135.0,-17.174,-26.303,-36.423,-42.227,-20.264,-24.209,-26.924,-28.679,3.091,-2.094,-9.499,-13.548
1136.0,-22.245,-33.383,-47.664,-54.309,-17.170,-22.273,-24.366,-25.576,-5.074,-11.109,-23.299,-28.733
1137.0,-26.526,-38.121,-53.536,-60.836,-18.870,-23.152,-25.282,-27.269,-7.656,-14.968,-28.254,-33.567
1138.0,-29.398,-41.700,-56.212,-64.613,-21.245,-25.313,-26.543,-29.582,-8.153,-16.387,-29.669,-35.030
1139.0,-36.705,-47.059,-60.951,-70.034,-33.252,-38.611,-40.334,-41.779,-3.453,-8.448,-20.617,-28.256
1140.0,-54.470,-65.343,-76.959,-84.295,-21.868,-27.377,-29.086,-30.100,-32.602,-37.966,-47.873,-54.195
1141.0,-62.911,-78.659,-87.463,-89.198,-31.756,-38.979,-39.193,-40.243,-31.155,-39.679,-48.270,-48.954
1142.0,-64.673,-79.234,-87.697,-89.244,-23.989,-29.154,-31.696,-32.311,-40.684,-50.080,-56.001,-56.934
1143.0,-63.514,-79.245,-87.830,-89.317,-22.077,-26.777,-29.103,-30.416,-41.437,-52.468,-58.727,-58.901
1144.0,-63.566,-79.090,-87.824,-89.295,-28.486,-33.821,-35.157,-36.978,-35.081,-45.269,-52.667,-52.317
1145.0,-63.918,-79.391,-87.757,-89.331,-31.296,-37.457,-38.719,-39.759,-32.623,-41.934,-49.038,-49.572
1146.0,-64.063,-79.213,-87.875,-89.376,-34.280,-40.867,-42.333,-42.701,-29.784,-38.347,-45.543,-46.676
1147.0,-64.819,-78.727,-87.748,-89.260,-41.430,-46.873,-48.274,-49.890,-23.389,-31.854,-39.473,-39.370
